Analyzing frontend...                                           

   info • Statements in an if should be enclosed in a block. Try wrapping the statement in a block • lib/ai/ai_backend.dart:463:7 • curly_braces_in_flow_control_structures
   info • Statements in an if should be enclosed in a block. Try wrapping the statement in a block • lib/ai/ai_backend.dart:892:9 • curly_braces_in_flow_control_structures
   info • Statements in an if should be enclosed in a block. Try wrapping the statement in a block • lib/ai/ai_backend.dart:1000:9 • curly_braces_in_flow_control_structures
   info • Statements in an if should be enclosed in a block. Try wrapping the statement in a block • lib/ai/ai_backend.dart:1553:7 • curly_braces_in_flow_control_structures
   info • Statements in an if should be enclosed in a block. Try wrapping the statement in a block • lib/ai/ai_backend.dart:1556:7 • curly_braces_in_flow_control_structures
   info • Statements in an if should be enclosed in a block. Try wrapping the statement in a block • lib/ai/ai_backend.dart:1632:9 • curly_braces_in_flow_control_structures
   info • Statements in an if should be enclosed in a block. Try wrapping the statement in a block • lib/ai/ai_backend.dart:1650:9 • curly_braces_in_flow_control_structures
   info • Statements in an if should be enclosed in a block. Try wrapping the statement in a block • lib/ai/ai_build123d.dart:220:13 • curly_braces_in_flow_control_structures
   info • Statements in an if should be enclosed in a block. Try wrapping the statement in a block • lib/ai/ai_build123d.dart:227:11 • curly_braces_in_flow_control_structures
   info • Statements in an if should be enclosed in a block. Try wrapping the statement in a block • lib/ai/ai_build123d.dart:234:11 • curly_braces_in_flow_control_structures
   info • Statements in an if should be enclosed in a block. Try wrapping the statement in a block • lib/ai/ai_build123d.dart:254:9 • curly_braces_in_flow_control_structures
   info • Statements in an if should be enclosed in a block. Try wrapping the statement in a block • lib/ai/ai_build123d.dart:265:11 • curly_braces_in_flow_control_structures
   info • Statements in an if should be enclosed in a block. Try wrapping the statement in a block • lib/ai/ai_build123d.dart:273:11 • curly_braces_in_flow_control_structures
   info • Statements in an if should be enclosed in a block. Try wrapping the statement in a block • lib/ai/ai_build123d.dart:280:11 • curly_braces_in_flow_control_structures
   info • Statements in an if should be enclosed in a block. Try wrapping the statement in a block • lib/ai/ai_build123d.dart:377:46 • curly_braces_in_flow_control_structures
   info • Statements in an if should be enclosed in a block. Try wrapping the statement in a block • lib/ai/ai_build123d.dart:406:15 • curly_braces_in_flow_control_structures
   info • Statements in an if should be enclosed in a block. Try wrapping the statement in a block • lib/ai/ai_build123d.dart:420:9 • curly_braces_in_flow_control_structures
   info • Statements in an if should be enclosed in a block. Try wrapping the statement in a block • lib/ai/ai_build123d.dart:525:9 • curly_braces_in_flow_control_structures
   info • Statements in an if should be enclosed in a block. Try wrapping the statement in a block • lib/ai/ai_build123d_client.dart:40:7 • curly_braces_in_flow_control_structures
   info • Statements in an if should be enclosed in a block. Try wrapping the statement in a block • lib/ai/ai_build123d_client.dart:100:9 • curly_braces_in_flow_control_structures
   info • The imported package 'path' isn't a dependency of the importing package. Try adding a dependency for 'path' in the 'pubspec.yaml' file • lib/ai/ai_build123d_desktop.dart:6:8 • depend_on_referenced_packages
   info • Statements in an if should be enclosed in a block. Try wrapping the statement in a block • lib/ai/ai_build123d_desktop.dart:38:7 • curly_braces_in_flow_control_structures
   info • Statements in an if should be enclosed in a block. Try wrapping the statement in a block • lib/ai/ai_build123d_desktop.dart:111:9 • curly_braces_in_flow_control_structures
   info • Statements in an if should be enclosed in a block. Try wrapping the statement in a block • lib/ai/ai_build123d_desktop.dart:231:9 • curly_braces_in_flow_control_structures
   info • Statements in an if should be enclosed in a block. Try wrapping the statement in a block • lib/ai/ai_build123d_desktop.dart:236:9 • curly_braces_in_flow_control_structures
   info • Statements in an if should be enclosed in a block. Try wrapping the statement in a block • lib/ai/ai_build123d_desktop.dart:261:9 • curly_braces_in_flow_control_structures
   info • Unnecessary 'this.' qualifier. Try removing 'this.' • lib/ai/ai_cad.dart:1065:16 • unnecessary_this
   info • Unnecessary 'this.' qualifier. Try removing 'this.' • lib/ai/ai_cad.dart:1067:16 • unnecessary_this
   info • Unnecessary 'this.' qualifier. Try removing 'this.' • lib/ai/ai_cad.dart:1069:16 • unnecessary_this
   info • Unnecessary 'this.' qualifier. Try removing 'this.' • lib/ai/ai_cad.dart:1071:16 • unnecessary_this
   info • Unnecessary 'this.' qualifier. Try removing 'this.' • lib/ai/ai_cad.dart:1073:16 • unnecessary_this
   info • Unnecessary 'this.' qualifier. Try removing 'this.' • lib/ai/ai_cad.dart:1075:16 • unnecessary_this
   info • Unnecessary 'this.' qualifier. Try removing 'this.' • lib/ai/ai_cad.dart:1077:16 • unnecessary_this
   info • Unnecessary 'this.' qualifier. Try removing 'this.' • lib/ai/ai_cad.dart:1079:16 • unnecessary_this
   info • Unnecessary 'this.' qualifier. Try removing 'this.' • lib/ai/ai_cad.dart:1081:16 • unnecessary_this
   info • Unnecessary 'this.' qualifier. Try removing 'this.' • lib/ai/ai_cad.dart:1083:16 • unnecessary_this
   info • Unnecessary 'this.' qualifier. Try removing 'this.' • lib/ai/ai_cad.dart:1085:16 • unnecessary_this
   info • Unnecessary 'this.' qualifier. Try removing 'this.' • lib/ai/ai_cad.dart:1087:16 • unnecessary_this
   info • Unnecessary 'this.' qualifier. Try removing 'this.' • lib/ai/ai_cad.dart:1089:16 • unnecessary_this
   info • Unnecessary 'this.' qualifier. Try removing 'this.' • lib/ai/ai_cad.dart:1091:16 • unnecessary_this
   info • Unnecessary 'this.' qualifier. Try removing 'this.' • lib/ai/ai_cad.dart:1093:16 • unnecessary_this
   info • Unnecessary 'this.' qualifier. Try removing 'this.' • lib/ai/ai_cad.dart:1095:16 • unnecessary_this
   info • Unnecessary 'this.' qualifier. Try removing 'this.' • lib/ai/ai_cad.dart:1097:16 • unnecessary_this
   info • Unnecessary 'this.' qualifier. Try removing 'this.' • lib/ai/ai_cad.dart:1099:16 • unnecessary_this
   info • Unnecessary 'this.' qualifier. Try removing 'this.' • lib/ai/ai_cad.dart:1101:16 • unnecessary_this
   info • Unnecessary 'this.' qualifier. Try removing 'this.' • lib/ai/ai_cad.dart:1103:16 • unnecessary_this
   info • Unnecessary 'this.' qualifier. Try removing 'this.' • lib/ai/ai_cad.dart:1105:16 • unnecessary_this
   info • Statements in an if should be enclosed in a block. Try wrapping the statement in a block • lib/ai/ai_cad_build123d_history.dart:70:13 • curly_braces_in_flow_control_structures
   info • Statements in an if should be enclosed in a block. Try wrapping the statement in a block • lib/ai/ai_cad_build123d_history.dart:76:11 • curly_braces_in_flow_control_structures
   info • Statements in a for should be enclosed in a block. Try wrapping the statement in a block • lib/ai/ai_cad_build123d_history.dart:171:43 • curly_braces_in_flow_control_structures
   info • Statements in an if should be enclosed in a block. Try wrapping the statement in a block • lib/ai/ai_cad_build123d_history.dart:194:13 • curly_braces_in_flow_control_structures
   info • Statements in an if should be enclosed in a block. Try wrapping the statement in a block • lib/ai/ai_cad_build123d_history.dart:218:15 • curly_braces_in_flow_control_structures
   info • Statements in an if should be enclosed in a block. Try wrapping the statement in a block • lib/ai/ai_cad_build123d_history.dart:233:13 • curly_braces_in_flow_control_structures
   info • Statements in an if should be enclosed in a block. Try wrapping the statement in a block • lib/ai/ai_cad_build123d_history.dart:241:15 • curly_braces_in_flow_control_structures
   info • Statements in an if should be enclosed in a block. Try wrapping the statement in a block • lib/ai/ai_cad_build123d_history.dart:249:15 • curly_braces_in_flow_control_structures
   info • Statements in an if should be enclosed in a block. Try wrapping the statement in a block • lib/ai/ai_cad_build123d_history.dart:319:13 • curly_braces_in_flow_control_structures
   info • Statements in an if should be enclosed in a block. Try wrapping the statement in a block • lib/ai/ai_cad_build123d_history.dart:322:13 • curly_braces_in_flow_control_structures
   info • Statements in an if should be enclosed in a block. Try wrapping the statement in a block • lib/ai/ai_cad_build123d_history.dart:350:13 • curly_braces_in_flow_control_structures
   info • Statements in an if should be enclosed in a block. Try wrapping the statement in a block • lib/ai/ai_cad_build123d_history.dart:369:13 • curly_braces_in_flow_control_structures
   info • Statements in an if should be enclosed in a block. Try wrapping the statement in a block • lib/ai/ai_cad_build123d_history.dart:383:13 • curly_braces_in_flow_control_structures
   info • Statements in an if should be enclosed in a block. Try wrapping the statement in a block • lib/ai/ai_cad_build123d_history.dart:401:9 • curly_braces_in_flow_control_structures
   info • Statements in an if should be enclosed in a block. Try wrapping the statement in a block • lib/ai/ai_cad_program.dart:288:69 • curly_braces_in_flow_control_structures
   info • Unnecessary braces in a string interpolation. Try removing the braces • lib/ai/ai_cad_program.dart:697:26 • unnecessary_brace_in_string_interps
   info • Unnecessary braces in a string interpolation. Try removing the braces • lib/ai/ai_cad_sketch.dart:557:57 • unnecessary_brace_in_string_interps
   info • Statements in an if should be enclosed in a block. Try wrapping the statement in a block • lib/ai/ai_controller.dart:204:11 • curly_braces_in_flow_control_structures
   info • Statements in an if should be enclosed in a block. Try wrapping the statement in a block • lib/ai/ai_controller.dart:357:7 • curly_braces_in_flow_control_structures
   info • Statements in an if should be enclosed in a block. Try wrapping the statement in a block • lib/ai/ai_controller.dart:373:49 • curly_braces_in_flow_control_structures
   info • Statements in an if should be enclosed in a block. Try wrapping the statement in a block • lib/ai/ai_controller.dart:440:7 • curly_braces_in_flow_control_structures
   info • Statements in an if should be enclosed in a block. Try wrapping the statement in a block • lib/ai/ai_controller.dart:449:9 • curly_braces_in_flow_control_structures
   info • Statements in an if should be enclosed in a block. Try wrapping the statement in a block • lib/ai/ai_controller.dart:459:7 • curly_braces_in_flow_control_structures
   info • Statements in an if should be enclosed in a block. Try wrapping the statement in a block • lib/ai/ai_controller.dart:524:9 • curly_braces_in_flow_control_structures
   info • Statements in an if should be enclosed in a block. Try wrapping the statement in a block • lib/ai/ai_controller.dart:526:9 • curly_braces_in_flow_control_structures
   info • Statements in an if should be enclosed in a block. Try wrapping the statement in a block • lib/ai/ai_controller.dart:544:9 • curly_braces_in_flow_control_structures
   info • Statements in an if should be enclosed in a block. Try wrapping the statement in a block • lib/ai/ai_controller.dart:666:11 • curly_braces_in_flow_control_structures
   info • Statements in an if should be enclosed in a block. Try wrapping the statement in a block • lib/ai/ai_models.dart:83:7 • curly_braces_in_flow_control_structures
   info • Statements in an if should be enclosed in a block. Try wrapping the statement in a block • lib/ai/ai_models.dart:91:7 • curly_braces_in_flow_control_structures
   info • Statements in an if should be enclosed in a block. Try wrapping the statement in a block • lib/ai/ai_models.dart:112:11 • curly_braces_in_flow_control_structures
   info • Statements in an if should be enclosed in a block. Try wrapping the statement in a block • lib/ai/ai_models.dart:131:7 • curly_braces_in_flow_control_structures
   info • Statements in an if should be enclosed in a block. Try wrapping the statement in a block • lib/ai/ai_view_marks.dart:184:7 • curly_braces_in_flow_control_structures
   info • Statements in an if should be enclosed in a block. Try wrapping the statement in a block • lib/ai/ai_workspace.dart:169:9 • curly_braces_in_flow_control_structures
   info • Statements in an if should be enclosed in a block. Try wrapping the statement in a block • lib/ai/ai_workspace.dart:233:7 • curly_braces_in_flow_control_structures
   info • Statements in an if should be enclosed in a block. Try wrapping the statement in a block • lib/ai/ai_workspace.dart:238:7 • curly_braces_in_flow_control_structures
   info • The import of 'dart:typed_data' is unnecessary because all of the used elements are also provided by the import of 'package:flutter/foundation.dart'. Try removing the import directive • lib/app_state.dart:7:8 • unnecessary_import
   info • Statements in an if should be enclosed in a block. Try wrapping the statement in a block • lib/app_state.dart:1645:7 • curly_braces_in_flow_control_structures
   info • Statements in an if should be enclosed in a block. Try wrapping the statement in a block • lib/app_state.dart:1646:31 • curly_braces_in_flow_control_structures
   info • Statements in an if should be enclosed in a block. Try wrapping the statement in a block • lib/app_state.dart:3345:13 • curly_braces_in_flow_control_structures
   info • Statements in an if should be enclosed in a block. Try wrapping the statement in a block • lib/app_state.dart:5797:28 • curly_braces_in_flow_control_structures
   info • Statements in an if should be enclosed in a block. Try wrapping the statement in a block • lib/app_state.dart:8376:25 • curly_braces_in_flow_control_structures
   info • Use 'const' with the constructor to improve performance. Try adding the 'const' keyword to the constructor invocation • lib/app_state.dart:17398:17 • prefer_const_constructors
   info • Use 'const' with the constructor to improve performance. Try adding the 'const' keyword to the constructor invocation • lib/app_state.dart:17401:17 • prefer_const_constructors
   info • Statements in an if should be enclosed in a block. Try wrapping the statement in a block • lib/app_state.dart:19560:41 • curly_braces_in_flow_control_structures
   info • The variable name 'Dia' isn't a lowerCamelCase identifier. Try changing the name to follow the lowerCamelCase style • lib/app_state.dart:21394:9 • non_constant_identifier_names
   info • The variable name 'SW' isn't a lowerCamelCase identifier. Try changing the name to follow the lowerCamelCase style • lib/app_state.dart:21400:9 • non_constant_identifier_names
   info • Unnecessary 'this.' qualifier. Try removing 'this.' • lib/asm_constraints.dart:66:9 • unnecessary_this
   info • Use an initializing formal to assign a parameter to a field. Try using an initialing formal ('this.at') to initialize the field • lib/asm_constraints.dart:66:9 • prefer_initializing_formals
   info • Unnecessary 'this.' qualifier. Try removing 'this.' • lib/asm_constraints.dart:73:9 • unnecessary_this
   info • Use an initializing formal to assign a parameter to a field. Try using an initialing formal ('this.at') to initialize the field • lib/asm_constraints.dart:73:9 • prefer_initializing_formals
   info • Unnecessary 'this.' qualifier. Try removing 'this.' • lib/asm_constraints.dart:78:9 • unnecessary_this
   info • Use an initializing formal to assign a parameter to a field. Try using an initialing formal ('this.at') to initialize the field • lib/asm_constraints.dart:78:9 • prefer_initializing_formals
   info • Parameters ''name', 'mode', and 'sources'' could be super parameters. Trying converting ''name', 'mode', and 'sources'' to super parameters • lib/asm_pattern.dart:138:3 • use_super_parameters
   info • Parameters ''name', 'seq', 'kind', 'def', 'frame', 'visible', 'offset', and 'angle'' could be super parameters. Trying converting ''name', 'seq', 'kind', 'def', 'frame', 'visible', 'offset', and 'angle'' to super parameters • lib/asm_work_features.dart:81:3 • use_super_parameters
   info • Unnecessary braces in a string interpolation. Try removing the braces • lib/backdrop.dart:174:38 • unnecessary_brace_in_string_interps
   info • Use 'const' for final variables initialized to a constant value. Try replacing 'final' with 'const' • lib/bezier.dart:123:5 • prefer_const_declarations
   info • Don't use 'BuildContext's across async gaps. Try rewriting the code to not use the 'BuildContext', or guard the use with a 'mounted' check • lib/bug_capture.dart:126:16 • use_build_context_synchronously
   info • Use 'const' with the constructor to improve performance. Try adding the 'const' keyword to the constructor invocation • lib/ffi/occt_engine.dart:1949:14 • prefer_const_constructors
   info • Use 'const' with the constructor to improve performance. Try adding the 'const' keyword to the constructor invocation • lib/ffi/occt_engine.dart:1954:14 • prefer_const_constructors
   info • Statements in a for should be enclosed in a block. Try wrapping the statement in a block • lib/ffi/slvs_ffi.dart:207:41 • curly_braces_in_flow_control_structures
   info • Statements in a for should be enclosed in a block. Try wrapping the statement in a block • lib/ffi/slvs_ffi.dart:208:41 • curly_braces_in_flow_control_structures
   info • Statements in a for should be enclosed in a block. Try wrapping the statement in a block • lib/ffi/slvs_ffi.dart:230:41 • curly_braces_in_flow_control_structures
   info • Statements in a for should be enclosed in a block. Try wrapping the statement in a block • lib/ffi/slvs_ffi.dart:236:41 • curly_braces_in_flow_control_structures
   info • Statements in an if should be enclosed in a block. Try wrapping the statement in a block • lib/grabcad/grabcad_client.dart:191:9 • curly_braces_in_flow_control_structures
   info • Statements in an if should be enclosed in a block. Try wrapping the statement in a block • lib/grabcad/grabcad_client.dart:207:13 • curly_braces_in_flow_control_structures
   info • Statements in an if should be enclosed in a block. Try wrapping the statement in a block • lib/grabcad/grabcad_client.dart:232:41 • curly_braces_in_flow_control_structures
   info • Statements in an if should be enclosed in a block. Try wrapping the statement in a block • lib/grabcad/grabcad_client.dart:259:30 • curly_braces_in_flow_control_structures
   info • Statements in an if should be enclosed in a block. Try wrapping the statement in a block • lib/grabcad/grabcad_client.dart:263:45 • curly_braces_in_flow_control_structures
   info • Use 'const' with the constructor to improve performance. Try adding the 'const' keyword to the constructor invocation • lib/measure_pick.dart:833:12 • prefer_const_constructors
   info • Use 'const' with the constructor to improve performance. Try adding the 'const' keyword to the constructor invocation • lib/measure_pick.dart:881:12 • prefer_const_constructors
   info • The import of 'package:flutter/foundation.dart' is unnecessary because all of the used elements are also provided by the import of 'package:flutter/widgets.dart'. Try removing the import directive • lib/menus.dart:28:8 • unnecessary_import
   info • The type name '_3mfObject' isn't an UpperCamelCase identifier. Try changing the name to follow the UpperCamelCase style • lib/mesh_io.dart:681:7 • camel_case_types
   info • Statements in an if should be enclosed in a block. Try wrapping the statement in a block • lib/part_model.dart:4322:22 • curly_braces_in_flow_control_structures
   info • 'withOpacity' is deprecated and shouldn't be used. Use .withValues() to avoid precision loss. Try replacing the use of the deprecated member with the replacement • lib/part_render.dart:1060:82 • deprecated_member_use
   info • 'withOpacity' is deprecated and shouldn't be used. Use .withValues() to avoid precision loss. Try replacing the use of the deprecated member with the replacement • lib/part_render.dart:1130:28 • deprecated_member_use
   info • Use a function declaration rather than a variable assignment to bind a function to a name. Try rewriting the closure assignment as a function declaration • lib/perf_document.dart:86:9 • prefer_function_declarations_over_variables
   info • The imported package 'meta' isn't a dependency of the importing package. Try adding a dependency for 'meta' in the 'pubspec.yaml' file • lib/perf_scenarios_soak.dart:66:8 • depend_on_referenced_packages
   info • Unnecessary braces in a string interpolation. Try removing the braces • lib/perf_scenarios_stress.dart:90:53 • unnecessary_brace_in_string_interps
   info • Use 'const' with the constructor to improve performance. Try adding the 'const' keyword to the constructor invocation • lib/perf_scenarios_tools.dart:74:7 • prefer_const_constructors
   info • Use 'const' with the constructor to improve performance. Try adding the 'const' keyword to the constructor invocation • lib/perf_scenarios_tools.dart:75:7 • prefer_const_constructors
   info • Use 'const' with the constructor to improve performance. Try adding the 'const' keyword to the constructor invocation • lib/perf_scenarios_tools.dart:76:7 • prefer_const_constructors
   info • Use 'const' with the constructor to improve performance. Try adding the 'const' keyword to the constructor invocation • lib/perf_scenarios_tools.dart:77:7 • prefer_const_constructors
   info • Use 'const' with the constructor to improve performance. Try adding the 'const' keyword to the constructor invocation • lib/perf_scenarios_tools.dart:120:7 • prefer_const_constructors
   info • Use 'const' with the constructor to improve performance. Try adding the 'const' keyword to the constructor invocation • lib/perf_scenarios_tools.dart:121:7 • prefer_const_constructors
   info • Use 'const' with the constructor to improve performance. Try adding the 'const' keyword to the constructor invocation • lib/perf_scenarios_tools.dart:122:7 • prefer_const_constructors
   info • Use 'const' with the constructor to improve performance. Try adding the 'const' keyword to the constructor invocation • lib/perf_scenarios_tools.dart:423:15 • prefer_const_constructors
   info • Use 'const' with the constructor to improve performance. Try adding the 'const' keyword to the constructor invocation • lib/perf_scenarios_tools.dart:424:15 • prefer_const_constructors
   info • Use 'const' with the constructor to improve performance. Try adding the 'const' keyword to the constructor invocation • lib/perf_scenarios_tools.dart:466:9 • prefer_const_constructors
   info • Use 'const' with the constructor to improve performance. Try adding the 'const' keyword to the constructor invocation • lib/perf_scenarios_tools.dart:467:9 • prefer_const_constructors
   info • Use 'const' with the constructor to improve performance. Try adding the 'const' keyword to the constructor invocation • lib/perf_scenarios_tools.dart:468:9 • prefer_const_constructors
   info • Use 'const' with the constructor to improve performance. Try adding the 'const' keyword to the constructor invocation • lib/perf_scenarios_tools.dart:469:9 • prefer_const_constructors
   info • Use 'const' with the constructor to improve performance. Try adding the 'const' keyword to the constructor invocation • lib/perf_scenarios_tools.dart:470:9 • prefer_const_constructors
   info • The import of 'dart:typed_data' is unnecessary because all of the used elements are also provided by the import of 'package:flutter/services.dart'. Try removing the import directive • lib/platform/desktop_shell.dart:22:8 • unnecessary_import
warning • The declaration '_bodyIsHovered' isn't referenced. Try removing the declaration of '_bodyIsHovered' • lib/reality_scene.dart:1131:6 • unused_element
   info • The imported package 'meta' isn't a dependency of the importing package. Try adding a dependency for 'meta' in the 'pubspec.yaml' file • lib/solver.dart:16:8 • depend_on_referenced_packages
   info • Use 'isNotEmpty' instead of 'length' to test whether the collection is empty. Try rewriting the expression to use 'isNotEmpty' • lib/solver.dart:790:25 • prefer_is_empty
   info • Use 'const' with the constructor to improve performance. Try adding the 'const' keyword to the constructor invocation • lib/sync/lan_sync.dart:3608:15 • prefer_const_constructors
   info • Use 'const' with the constructor to improve performance. Try adding the 'const' keyword to the constructor invocation • lib/sync/lan_sync.dart:3698:11 • prefer_const_constructors
   info • Use 'const' with the constructor to improve performance. Try adding the 'const' keyword to the constructor invocation • lib/sync/lan_sync.dart:3704:21 • prefer_const_constructors
   info • The private field _version could be 'final'. Try making the field 'final' • lib/sync/mdns.dart:71:7 • prefer_final_fields
   info • Unnecessary use of string interpolation. Try replacing the string literal with the variable name • lib/sync/mdns.dart:245:19 • unnecessary_string_interpolations
   info • Unnecessary use of string interpolation. Try replacing the string literal with the variable name • lib/sync/mdns.dart:246:19 • unnecessary_string_interpolations
   info • Use 'const' for final variables initialized to a constant value. Try replacing 'final' with 'const' • lib/tools.dart:98:7 • prefer_const_declarations
   info • Statements in an if should be enclosed in a block. Try wrapping the statement in a block • lib/widgets/ai_composer.dart:1251:17 • curly_braces_in_flow_control_structures
   info • Statements in an if should be enclosed in a block. Try wrapping the statement in a block • lib/widgets/grabcad_browser.dart:188:35 • curly_braces_in_flow_control_structures
   info • Statements in an if should be enclosed in a block. Try wrapping the statement in a block • lib/widgets/grabcad_browser.dart:260:9 • curly_braces_in_flow_control_structures
   info • Use the '??' operator rather than '?:' when testing for 'null'. Try rewriting the code to use '??' • lib/widgets/home_view.dart:741:43 • prefer_if_null_operators
   info • Use 'const' with the constructor to improve performance. Try adding the 'const' keyword to the constructor invocation • lib/widgets/home_view.dart:810:9 • prefer_const_constructors
   info • Use 'const' with the constructor to improve performance. Try adding the 'const' keyword to the constructor invocation • lib/widgets/home_view.dart:811:9 • prefer_const_constructors
   info • Use 'const' with the constructor to improve performance. Try adding the 'const' keyword to the constructor invocation • lib/widgets/home_view.dart:814:11 • prefer_const_constructors
   info • Use 'const' literals as arguments to constructors of '@immutable' classes. Try adding 'const' before the literal • lib/widgets/ios_kit.dart:541:24 • prefer_const_literals_to_create_immutables
   info • Use 'const' with the constructor to improve performance. Try adding the 'const' keyword to the constructor invocation • lib/widgets/ios_kit.dart:542:15 • prefer_const_constructors
   info • Type could be non-nullable. Try changing the type to be non-nullable • lib/widgets/ios_kit.dart:804:18 • unnecessary_nullable_for_final_variable_declarations
   info • Use 'const' with the constructor to improve performance. Try adding the 'const' keyword to the constructor invocation • lib/widgets/ios_kit.dart:912:16 • prefer_const_constructors
   info • Use 'const' with the constructor to improve performance. Try adding the 'const' keyword to the constructor invocation • lib/widgets/ios_kit.dart:948:20 • prefer_const_constructors
   info • The type parameter name 'T' matches a visible type name. Try changing the type parameter name to not match an existing type • lib/widgets/ios_kit.dart:1131:18 • avoid_types_as_parameter_names
   info • The type parameter name 'T' matches a visible type name. Try changing the type parameter name to not match an existing type • lib/widgets/ios_kit.dart:1161:20 • avoid_types_as_parameter_names
   info • The type parameter name 'T' matches a visible type name. Try changing the type parameter name to not match an existing type • lib/widgets/ios_kit.dart:1287:22 • avoid_types_as_parameter_names
   info • The type parameter name 'T' matches a visible type name. Try changing the type parameter name to not match an existing type • lib/widgets/ios_kit.dart:1983:21 • avoid_types_as_parameter_names
   info • The type parameter name 'T' matches a visible type name. Try changing the type parameter name to not match an existing type • lib/widgets/ios_kit.dart:1999:22 • avoid_types_as_parameter_names
   info • The type parameter name 'T' matches a visible type name. Try changing the type parameter name to not match an existing type • lib/widgets/ios_kit.dart:2060:18 • avoid_types_as_parameter_names
   info • The 'children' argument should be last in widget constructor invocations. Try moving the argument to the end of the argument list • lib/widgets/measure_panel.dart:87:9 • sort_child_properties_last
   info • Use 'const' with the constructor to improve performance. Try adding the 'const' keyword to the constructor invocation • lib/widgets/model_browser.dart:889:31 • prefer_const_constructors
   info • Use 'const' with the constructor to improve performance. Try adding the 'const' keyword to the constructor invocation • lib/widgets/model_browser.dart:999:31 • prefer_const_constructors
warning • The declaration '_eopMenuGroups' isn't referenced. Try removing the declaration of '_eopMenuGroups' • lib/widgets/model_browser.dart:1181:30 • unused_element
   info • Use 'const' with the constructor to improve performance. Try adding the 'const' keyword to the constructor invocation • lib/widgets/model_browser.dart:2891:16 • prefer_const_constructors
   info • The type parameter name 'T' matches a visible type name. Try changing the type parameter name to not match an existing type • lib/widgets/native_browser_host.dart:855:13 • avoid_types_as_parameter_names
   info • Constructors in '@immutable' classes should be declared as 'const'. Try adding 'const' to the constructor declaration • lib/widgets/ribbon.dart:2126:3 • prefer_const_constructors_in_immutables
warning • The declaration '_Big.plain' isn't referenced. Try removing the declaration of '_Big.plain' • lib/widgets/ribbon.dart:2474:14 • unused_element
warning • A value for optional parameter 'enabled' isn't ever given. Try removing the unused parameter • lib/widgets/ribbon.dart:2603:12 • unused_element_parameter
   info • Use 'const' with the constructor to improve performance. Try adding the 'const' keyword to the constructor invocation • lib/widgets/ribbon.dart:2713:22 • prefer_const_constructors
warning • The declaration '_compactCell' isn't referenced. Try removing the declaration of '_compactCell' • lib/widgets/ribbon.dart:2980:21 • unused_element
   info • 'withOpacity' is deprecated and shouldn't be used. Use .withValues() to avoid precision loss. Try replacing the use of the deprecated member with the replacement • lib/widgets/text_editor_window.dart:264:51 • deprecated_member_use
   info • Use 'const' for final variables initialized to a constant value. Try replacing 'final' with 'const' • lib/widgets/value_pad.dart:314:5 • prefer_const_declarations
   info • Use 'const' with the constructor to improve performance. Try adding the 'const' keyword to the constructor invocation • lib/widgets/viewport.dart:1377:31 • prefer_const_constructors
   info • 'withOpacity' is deprecated and shouldn't be used. Use .withValues() to avoid precision loss. Try replacing the use of the deprecated member with the replacement • lib/widgets/viewport.dart:2386:30 • deprecated_member_use
   info • 'withOpacity' is deprecated and shouldn't be used. Use .withValues() to avoid precision loss. Try replacing the use of the deprecated member with the replacement • lib/widgets/viewport.dart:2433:35 • deprecated_member_use
   info • 'withOpacity' is deprecated and shouldn't be used. Use .withValues() to avoid precision loss. Try replacing the use of the deprecated member with the replacement • lib/widgets/viewport.dart:2737:28 • deprecated_member_use
   info • 'withOpacity' is deprecated and shouldn't be used. Use .withValues() to avoid precision loss. Try replacing the use of the deprecated member with the replacement • lib/widgets/viewport.dart:2898:54 • deprecated_member_use
   info • 'withOpacity' is deprecated and shouldn't be used. Use .withValues() to avoid precision loss. Try replacing the use of the deprecated member with the replacement • lib/widgets/viewport.dart:3026:30 • deprecated_member_use
   info • 'withOpacity' is deprecated and shouldn't be used. Use .withValues() to avoid precision loss. Try replacing the use of the deprecated member with the replacement • lib/widgets/viewport.dart:3041:30 • deprecated_member_use
   info • 'withOpacity' is deprecated and shouldn't be used. Use .withValues() to avoid precision loss. Try replacing the use of the deprecated member with the replacement • lib/widgets/viewport.dart:3101:31 • deprecated_member_use
   info • Statements in a while should be enclosed in a block. Try wrapping the statement in a block • lib/widgets/viewport.dart:3411:35 • curly_braces_in_flow_control_structures
   info • Statements in a while should be enclosed in a block. Try wrapping the statement in a block • lib/widgets/viewport.dart:3412:33 • curly_braces_in_flow_control_structures
   info • 'withOpacity' is deprecated and shouldn't be used. Use .withValues() to avoid precision loss. Try replacing the use of the deprecated member with the replacement • lib/widgets/viewport3d.dart:3526:43 • deprecated_member_use
   info • 'withOpacity' is deprecated and shouldn't be used. Use .withValues() to avoid precision loss. Try replacing the use of the deprecated member with the replacement • lib/widgets/viewport3d.dart:3532:53 • deprecated_member_use
   info • 'withOpacity' is deprecated and shouldn't be used. Use .withValues() to avoid precision loss. Try replacing the use of the deprecated member with the replacement • lib/widgets/viewport3d.dart:3657:45 • deprecated_member_use
   info • 'withOpacity' is deprecated and shouldn't be used. Use .withValues() to avoid precision loss. Try replacing the use of the deprecated member with the replacement • lib/widgets/viewport3d.dart:3663:55 • deprecated_member_use
   info • Use 'const' for final variables initialized to a constant value. Try replacing 'final' with 'const' • lib/widgets/viewport3d.dart:4202:5 • prefer_const_declarations
   info • Use 'const' for final variables initialized to a constant value. Try replacing 'final' with 'const' • lib/widgets/viewport_assembly.dart:1320:5 • prefer_const_declarations
   info • Use 'const' with the constructor to improve performance. Try adding the 'const' keyword to the constructor invocation • lib/widgets/viewport_assembly.dart:1636:10 • prefer_const_constructors
   info • Use 'const' with the constructor to improve performance. Try adding the 'const' keyword to the constructor invocation • lib/widgets/viewport_assembly.dart:1636:28 • prefer_const_constructors
   info • Use 'const' with the constructor to improve performance. Try adding the 'const' keyword to the constructor invocation • lib/widgets/viewport_assembly.dart:1637:10 • prefer_const_constructors
   info • Use 'const' with the constructor to improve performance. Try adding the 'const' keyword to the constructor invocation • lib/widgets/viewport_assembly.dart:1637:27 • prefer_const_constructors
   info • Use 'const' with the constructor to improve performance. Try adding the 'const' keyword to the constructor invocation • lib/widgets/viewport_assembly.dart:1638:10 • prefer_const_constructors
   info • Use 'const' with the constructor to improve performance. Try adding the 'const' keyword to the constructor invocation • lib/widgets/viewport_assembly.dart:1638:28 • prefer_const_constructors
   info • Use 'const' with the constructor to improve performance. Try adding the 'const' keyword to the constructor invocation • lib/widgets/viewport_assembly.dart:1643:10 • prefer_const_constructors
   info • Use 'const' with the constructor to improve performance. Try adding the 'const' keyword to the constructor invocation • lib/widgets/viewport_assembly.dart:1643:27 • prefer_const_constructors
   info • Use 'const' with the constructor to improve performance. Try adding the 'const' keyword to the constructor invocation • lib/widgets/viewport_assembly.dart:1644:10 • prefer_const_constructors
   info • Use 'const' with the constructor to improve performance. Try adding the 'const' keyword to the constructor invocation • lib/widgets/viewport_assembly.dart:1644:27 • prefer_const_constructors
   info • Use 'const' with the constructor to improve performance. Try adding the 'const' keyword to the constructor invocation • lib/widgets/viewport_assembly.dart:1649:10 • prefer_const_constructors
   info • Use 'const' with the constructor to improve performance. Try adding the 'const' keyword to the constructor invocation • lib/widgets/viewport_assembly.dart:1649:27 • prefer_const_constructors
   info • Use 'const' with the constructor to improve performance. Try adding the 'const' keyword to the constructor invocation • lib/widgets/viewport_assembly.dart:1656:10 • prefer_const_constructors
   info • Use 'const' with the constructor to improve performance. Try adding the 'const' keyword to the constructor invocation • lib/widgets/viewport_assembly.dart:1656:27 • prefer_const_constructors
   info • Use 'const' with the constructor to improve performance. Try adding the 'const' keyword to the constructor invocation • lib/widgets/viewport_assembly.dart:1662:10 • prefer_const_constructors
   info • Use 'const' with the constructor to improve performance. Try adding the 'const' keyword to the constructor invocation • lib/widgets/viewport_assembly.dart:1662:27 • prefer_const_constructors
   info • Use 'const' with the constructor to improve performance. Try adding the 'const' keyword to the constructor invocation • lib/widgets/viewport_assembly.dart:1663:10 • prefer_const_constructors
   info • Use 'const' with the constructor to improve performance. Try adding the 'const' keyword to the constructor invocation • lib/widgets/viewport_assembly.dart:1663:28 • prefer_const_constructors
   info • Use 'const' with the constructor to improve performance. Try adding the 'const' keyword to the constructor invocation • lib/widgets/viewport_assembly.dart:1664:10 • prefer_const_constructors
   info • Use 'const' with the constructor to improve performance. Try adding the 'const' keyword to the constructor invocation • lib/widgets/viewport_assembly.dart:1664:27 • prefer_const_constructors
   info • Use 'const' with the constructor to improve performance. Try adding the 'const' keyword to the constructor invocation • lib/widgets/viewport_assembly.dart:1676:10 • prefer_const_constructors
   info • Use 'const' with the constructor to improve performance. Try adding the 'const' keyword to the constructor invocation • lib/widgets/viewport_assembly.dart:1676:29 • prefer_const_constructors
   info • Use 'const' with the constructor to improve performance. Try adding the 'const' keyword to the constructor invocation • lib/widgets/viewport_assembly.dart:1676:49 • prefer_const_constructors
   info • Use 'const' with the constructor to improve performance. Try adding the 'const' keyword to the constructor invocation • lib/widgets/viewport_assembly.dart:1687:10 • prefer_const_constructors
   info • Use 'const' with the constructor to improve performance. Try adding the 'const' keyword to the constructor invocation • lib/widgets/viewport_assembly.dart:1687:30 • prefer_const_constructors
   info • Use 'const' with the constructor to improve performance. Try adding the 'const' keyword to the constructor invocation • lib/widgets/viewport_assembly.dart:1688:10 • prefer_const_constructors
   info • Use 'const' with the constructor to improve performance. Try adding the 'const' keyword to the constructor invocation • lib/widgets/viewport_assembly.dart:1688:29 • prefer_const_constructors
   info • Use 'const' with the constructor to improve performance. Try adding the 'const' keyword to the constructor invocation • lib/widgets/viewport_assembly.dart:1697:10 • prefer_const_constructors
   info • Use 'const' with the constructor to improve performance. Try adding the 'const' keyword to the constructor invocation • lib/widgets/viewport_assembly.dart:1697:27 • prefer_const_constructors
   info • Use 'const' with the constructor to improve performance. Try adding the 'const' keyword to the constructor invocation • lib/widgets/viewport_assembly.dart:1698:10 • prefer_const_constructors
   info • Use 'const' with the constructor to improve performance. Try adding the 'const' keyword to the constructor invocation • lib/widgets/viewport_assembly.dart:1698:30 • prefer_const_constructors
   info • Use 'const' with the constructor to improve performance. Try adding the 'const' keyword to the constructor invocation • lib/widgets/viewport_assembly.dart:1702:10 • prefer_const_constructors
   info • Use 'const' with the constructor to improve performance. Try adding the 'const' keyword to the constructor invocation • lib/widgets/viewport_assembly.dart:1702:29 • prefer_const_constructors
   info • Use 'const' with the constructor to improve performance. Try adding the 'const' keyword to the constructor invocation • lib/widgets/viewport_assembly.dart:1708:10 • prefer_const_constructors
   info • Use 'const' with the constructor to improve performance. Try adding the 'const' keyword to the constructor invocation • lib/widgets/viewport_assembly.dart:1708:29 • prefer_const_constructors
   info • Use 'const' with the constructor to improve performance. Try adding the 'const' keyword to the constructor invocation • lib/widgets/viewport_assembly.dart:1709:10 • prefer_const_constructors
   info • Use 'const' with the constructor to improve performance. Try adding the 'const' keyword to the constructor invocation • lib/widgets/viewport_assembly.dart:1709:30 • prefer_const_constructors
   info • Use 'const' with the constructor to improve performance. Try adding the 'const' keyword to the constructor invocation • lib/widgets/viewport_assembly.dart:1709:49 • prefer_const_constructors
   info • Use 'const' with the constructor to improve performance. Try adding the 'const' keyword to the constructor invocation • lib/widgets/window_titlebar.dart:165:9 • prefer_const_constructors
   info • Use 'const' with the constructor to improve performance. Try adding the 'const' keyword to the constructor invocation • lib/widgets/window_titlebar.dart:173:9 • prefer_const_constructors
   info • The imported package 'flutter_gpu' isn't a dependency of the importing package. Try adding a dependency for 'flutter_gpu' in the 'pubspec.yaml' file • packages/gpu_view/lib/gpu_view.dart:38:8 • depend_on_referenced_packages
   info • Dangling library doc comment. Add a 'library' directive after the library comment • packages/native_menu/lib/glass_browser.dart:1:1 • dangling_library_doc_comments
   info • Dangling library doc comment. Add a 'library' directive after the library comment • packages/native_menu/lib/glass_tabbar.dart:1:1 • dangling_library_doc_comments
   info • Dangling library doc comment. Add a 'library' directive after the library comment • packages/native_menu/lib/glass_toolbar.dart:1:1 • dangling_library_doc_comments
   info • Dangling library doc comment. Add a 'library' directive after the library comment • packages/native_menu/lib/native_touches.dart:1:1 • dangling_library_doc_comments
   info • The import of 'dart:typed_data' is unnecessary because all of the used elements are also provided by the import of 'package:flutter/services.dart'. Try removing the import directive • test/ai_backend_test.dart:3:8 • unnecessary_import
   info • Statements in an if should be enclosed in a block. Try wrapping the statement in a block • test/ai_build123d_desktop_test.dart:136:9 • curly_braces_in_flow_control_structures
   info • The local variable '_op' starts with an underscore. Try renaming the variable to not start with an underscore • test/ai_build123d_desktop_test.dart:184:17 • no_leading_underscores_for_local_identifiers
   info • The local variable '_step' starts with an underscore. Try renaming the variable to not start with an underscore • test/ai_build123d_desktop_test.dart:184:22 • no_leading_underscores_for_local_identifiers
   info • The local variable '_total' starts with an underscore. Try renaming the variable to not start with an underscore • test/ai_build123d_desktop_test.dart:184:29 • no_leading_underscores_for_local_identifiers
   info • Use interpolation to compose strings and values. Try using string interpolation to build the composite string • test/ai_build123d_test.dart:88:9 • prefer_interpolation_to_compose_strings
   info • Statements in a for should be enclosed in a block. Try wrapping the statement in a block • test/ai_build123d_test.dart:457:35 • curly_braces_in_flow_control_structures
   info • Use 'const' for final variables initialized to a constant value. Try replacing 'final' with 'const' • test/ai_controller_test.dart:311:5 • prefer_const_declarations
   info • Unnecessary braces in a string interpolation. Try removing the braces • test/ai_controller_test.dart:360:14 • unnecessary_brace_in_string_interps
   info • The import of 'package:prototype/ai/ai_actions.dart' is unnecessary because all of the used elements are also provided by the import of 'package:prototype/ai/ai_controller.dart'. Try removing the import directive • test/ai_program_test.dart:7:8 • unnecessary_import
   info • The import of 'package:prototype/ai/ai_models.dart' is unnecessary because all of the used elements are also provided by the import of 'package:prototype/ai/ai_controller.dart'. Try removing the import directive • test/ai_program_test.dart:10:8 • unnecessary_import
   info • The import of 'package:prototype/ai/ai_models.dart' is unnecessary because all of the used elements are also provided by the import of 'package:prototype/ai/ai_controller.dart'. Try removing the import directive • test/ai_real_kernel_test.dart:20:8 • unnecessary_import
   info • Use 'const' for final variables initialized to a constant value. Try replacing 'final' with 'const' • test/ai_real_kernel_test.dart:68:7 • prefer_const_declarations
   info • Use 'const' for final variables initialized to a constant value. Try replacing 'final' with 'const' • test/ai_real_kernel_test.dart:83:7 • prefer_const_declarations
   info • Use 'const' for final variables initialized to a constant value. Try replacing 'final' with 'const' • test/ai_real_kernel_test.dart:96:7 • prefer_const_declarations
   info • Use 'const' for final variables initialized to a constant value. Try replacing 'final' with 'const' • test/ai_real_kernel_test.dart:111:7 • prefer_const_declarations
   info • Use 'const' for final variables initialized to a constant value. Try replacing 'final' with 'const' • test/ai_real_kernel_test.dart:132:7 • prefer_const_declarations
   info • Use 'const' for final variables initialized to a constant value. Try replacing 'final' with 'const' • test/ai_real_kernel_test.dart:491:7 • prefer_const_declarations
   info • Use interpolation to compose strings and values. Try using string interpolation to build the composite string • test/ai_stream_size_test.dart:128:32 • prefer_interpolation_to_compose_strings
   info • The import of 'dart:async' is unnecessary because all of the used elements are also provided by the import of 'package:flutter_test/flutter_test.dart'. Try removing the import directive • test/bench/ai_bench_test.dart:25:8 • unnecessary_import
   info • The import of 'package:prototype/ai/ai_actions.dart' is unnecessary because all of the used elements are also provided by the import of 'package:prototype/ai/ai_controller.dart'. Try removing the import directive • test/bench/ai_bench_test.dart:33:8 • unnecessary_import
warning • The value of the local variable 'mesh' isn't used. Try removing the variable or using it • test/bench/ai_bench_test.dart:706:20 • unused_local_variable
warning • The value of the local variable 'mesh' isn't used. Try removing the variable or using it • test/bench/ai_bench_test.dart:768:20 • unused_local_variable
warning • The value of the local variable 'm' isn't used. Try removing the variable or using it • test/bench/ai_bench_test.dart:831:11 • unused_local_variable
   info • The import of 'dart:ui' is unnecessary because all of the used elements are also provided by the import of 'package:flutter_test/flutter_test.dart'. Try removing the import directive • test/construction_geometry_test.dart:9:8 • unnecessary_import
   info • The import of 'dart:ui' is unnecessary because all of the used elements are also provided by the import of 'package:flutter_test/flutter_test.dart'. Try removing the import directive • test/device_replay_test.dart:12:8 • unnecessary_import
   info • Use 'const' with the constructor to improve performance. Try adding the 'const' keyword to the constructor invocation • test/dimension_expressions_test.dart:210:17 • prefer_const_constructors
   info • Use 'const' with the constructor to improve performance. Try adding the 'const' keyword to the constructor invocation • test/dimension_expressions_test.dart:210:29 • prefer_const_constructors
   info • Use 'const' with the constructor to improve performance. Try adding the 'const' keyword to the constructor invocation • test/dimension_kinds_test.dart:23:17 • prefer_const_constructors
   info • Use 'const' with the constructor to improve performance. Try adding the 'const' keyword to the constructor invocation • test/dimension_kinds_test.dart:23:29 • prefer_const_constructors
   info • Use 'const' with the constructor to improve performance. Try adding the 'const' keyword to the constructor invocation • test/dimension_kinds_test.dart:23:41 • prefer_const_constructors
   info • Use 'const' with the constructor to improve performance. Try adding the 'const' keyword to the constructor invocation • test/dimension_kinds_test.dart:36:17 • prefer_const_constructors
   info • Use 'const' with the constructor to improve performance. Try adding the 'const' keyword to the constructor invocation • test/dimension_kinds_test.dart:36:29 • prefer_const_constructors
   info • Use 'const' with the constructor to improve performance. Try adding the 'const' keyword to the constructor invocation • test/dimension_kinds_test.dart:36:41 • prefer_const_constructors
   info • Use 'const' with the constructor to improve performance. Try adding the 'const' keyword to the constructor invocation • test/dimension_kinds_test.dart:45:17 • prefer_const_constructors
   info • Use 'const' with the constructor to improve performance. Try adding the 'const' keyword to the constructor invocation • test/dimension_kinds_test.dart:45:29 • prefer_const_constructors
   info • Use 'const' with the constructor to improve performance. Try adding the 'const' keyword to the constructor invocation • test/dimension_kinds_test.dart:56:19 • prefer_const_constructors
   info • Use 'const' with the constructor to improve performance. Try adding the 'const' keyword to the constructor invocation • test/dimension_kinds_test.dart:56:31 • prefer_const_constructors
   info • Use 'const' with the constructor to improve performance. Try adding the 'const' keyword to the constructor invocation • test/dimension_kinds_test.dart:56:43 • prefer_const_constructors
   info • Use 'const' with the constructor to improve performance. Try adding the 'const' keyword to the constructor invocation • test/dimension_kinds_test.dart:71:19 • prefer_const_constructors
   info • Use 'const' with the constructor to improve performance. Try adding the 'const' keyword to the constructor invocation • test/dimension_kinds_test.dart:71:31 • prefer_const_constructors
   info • Use 'const' with the constructor to improve performance. Try adding the 'const' keyword to the constructor invocation • test/dimension_kinds_test.dart:71:43 • prefer_const_constructors
   info • Use 'const' with the constructor to improve performance. Try adding the 'const' keyword to the constructor invocation • test/dimension_kinds_test.dart:84:44 • prefer_const_constructors
   info • Use 'const' with the constructor to improve performance. Try adding the 'const' keyword to the constructor invocation • test/dimension_kinds_test.dart:84:56 • prefer_const_constructors
   info • Use 'const' with the constructor to improve performance. Try adding the 'const' keyword to the constructor invocation • test/dimension_kinds_test.dart:86:19 • prefer_const_constructors
   info • Use 'const' with the constructor to improve performance. Try adding the 'const' keyword to the constructor invocation • test/dimension_kinds_test.dart:86:31 • prefer_const_constructors
   info • Use 'const' with the constructor to improve performance. Try adding the 'const' keyword to the constructor invocation • test/dimension_kinds_test.dart:86:43 • prefer_const_constructors
   info • Use 'const' with the constructor to improve performance. Try adding the 'const' keyword to the constructor invocation • test/dimension_kinds_test.dart:93:17 • prefer_const_constructors
   info • Use 'const' with the constructor to improve performance. Try adding the 'const' keyword to the constructor invocation • test/dimension_kinds_test.dart:93:29 • prefer_const_constructors
   info • Use 'const' with the constructor to improve performance. Try adding the 'const' keyword to the constructor invocation • test/dimension_kinds_test.dart:93:41 • prefer_const_constructors
   info • Use 'const' with the constructor to improve performance. Try adding the 'const' keyword to the constructor invocation • test/dimension_kinds_test.dart:104:19 • prefer_const_constructors
   info • Use 'const' with the constructor to improve performance. Try adding the 'const' keyword to the constructor invocation • test/dimension_kinds_test.dart:104:31 • prefer_const_constructors
   info • Use 'const' with the constructor to improve performance. Try adding the 'const' keyword to the constructor invocation • test/dimension_kinds_test.dart:118:37 • prefer_const_constructors
   info • Use 'const' with the constructor to improve performance. Try adding the 'const' keyword to the constructor invocation • test/dimension_kinds_test.dart:121:17 • prefer_const_constructors
   info • Use 'const' with the constructor to improve performance. Try adding the 'const' keyword to the constructor invocation • test/dimension_kinds_test.dart:121:29 • prefer_const_constructors
   info • Use 'const' with the constructor to improve performance. Try adding the 'const' keyword to the constructor invocation • test/dimension_kinds_test.dart:121:41 • prefer_const_constructors
   info • Use 'const' with the constructor to improve performance. Try adding the 'const' keyword to the constructor invocation • test/dimension_picks_test.dart:50:20 • prefer_const_constructors
   info • Use 'const' with the constructor to improve performance. Try adding the 'const' keyword to the constructor invocation • test/dimension_picks_test.dart:53:22 • prefer_const_constructors
   info • Use 'const' with the constructor to improve performance. Try adding the 'const' keyword to the constructor invocation • test/dimension_picks_test.dart:60:20 • prefer_const_constructors
   info • Use 'const' with the constructor to improve performance. Try adding the 'const' keyword to the constructor invocation • test/dimension_picks_test.dart:63:32 • prefer_const_constructors
   info • Use 'const' with the constructor to improve performance. Try adding the 'const' keyword to the constructor invocation • test/dimension_picks_test.dart:63:44 • prefer_const_constructors
   info • Use 'const' with the constructor to improve performance. Try adding the 'const' keyword to the constructor invocation • test/dimension_picks_test.dart:71:20 • prefer_const_constructors
   info • Use 'const' with the constructor to improve performance. Try adding the 'const' keyword to the constructor invocation • test/dimension_picks_test.dart:71:32 • prefer_const_constructors
   info • Use 'const' with the constructor to improve performance. Try adding the 'const' keyword to the constructor invocation • test/dimension_picks_test.dart:79:22 • prefer_const_constructors
   info • Use 'const' with the constructor to improve performance. Try adding the 'const' keyword to the constructor invocation • test/dimension_picks_test.dart:101:24 • prefer_const_constructors
   info • Use 'const' with the constructor to improve performance. Try adding the 'const' keyword to the constructor invocation • test/dimension_picks_test.dart:101:36 • prefer_const_constructors
   info • Use 'const' with the constructor to improve performance. Try adding the 'const' keyword to the constructor invocation • test/dimension_picks_test.dart:109:24 • prefer_const_constructors
   info • Use 'const' with the constructor to improve performance. Try adding the 'const' keyword to the constructor invocation • test/dimension_picks_test.dart:109:36 • prefer_const_constructors
   info • Use 'const' with the constructor to improve performance. Try adding the 'const' keyword to the constructor invocation • test/dimension_picks_test.dart:109:48 • prefer_const_constructors
   info • Use 'const' with the constructor to improve performance. Try adding the 'const' keyword to the constructor invocation • test/drag_stability_test.dart:168:23 • prefer_const_constructors
   info • Use 'const' with the constructor to improve performance. Try adding the 'const' keyword to the constructor invocation • test/drag_stability_test.dart:261:15 • prefer_const_constructors
   info • Use 'const' with the constructor to improve performance. Try adding the 'const' keyword to the constructor invocation • test/drag_stability_test.dart:263:15 • prefer_const_constructors
   info • Use 'const' with the constructor to improve performance. Try adding the 'const' keyword to the constructor invocation • test/flow_probe_test.dart:34:5 • prefer_const_constructors
   info • Use 'const' with the constructor to improve performance. Try adding the 'const' keyword to the constructor invocation • test/flow_probe_test.dart:38:26 • prefer_const_constructors
   info • Use 'const' with the constructor to improve performance. Try adding the 'const' keyword to the constructor invocation • test/flow_probe_test.dart:41:25 • prefer_const_constructors
   info • Use 'const' with the constructor to improve performance. Try adding the 'const' keyword to the constructor invocation • test/flow_probe_test.dart:48:26 • prefer_const_constructors
   info • Use 'const' with the constructor to improve performance. Try adding the 'const' keyword to the constructor invocation • test/flow_probe_test.dart:60:19 • prefer_const_constructors
   info • Use 'const' with the constructor to improve performance. Try adding the 'const' keyword to the constructor invocation • test/flow_probe_test.dart:71:28 • prefer_const_constructors
   info • Statements in an if should be enclosed in a block. Try wrapping the statement in a block • test/grabcad_client_test.dart:26:9 • curly_braces_in_flow_control_structures
   info • Statements in an if should be enclosed in a block. Try wrapping the statement in a block • test/grabcad_client_test.dart:48:9 • curly_braces_in_flow_control_structures
   info • Statements in an if should be enclosed in a block. Try wrapping the statement in a block • test/grabcad_client_test.dart:197:9 • curly_braces_in_flow_control_structures
   info • Unnecessary braces in a string interpolation. Try removing the braces • test/issue46_bug_bundle_tail_test.dart:43:23 • unnecessary_brace_in_string_interps
   info • The local variable '_write' starts with an underscore. Try renaming the variable to not start with an underscore • test/issue46_bug_bundle_tail_test.dart:60:8 • no_leading_underscores_for_local_identifiers
   info • The import of 'package:prototype/plane_stack.dart' is unnecessary because all of the used elements are also provided by the import of 'package:prototype/reality_scene.dart'. Try removing the import directive • test/issue53_plane_depth_order_test.dart:26:8 • unnecessary_import
warning • Unnecessary cast. Try removing the cast • test/issue53_plane_depth_order_test.dart:269:21 • unnecessary_cast
   info • Use 'const' for final variables initialized to a constant value. Try replacing 'final' with 'const' • test/issue55_triad_reaches_the_corner_test.dart:125:7 • prefer_const_declarations
   info • Use 'const' with the constructor to improve performance. Try adding the 'const' keyword to the constructor invocation • test/issue56_glass_rect_is_in_the_backdrops_space_test.dart:47:20 • prefer_const_constructors
   info • Use 'const' with the constructor to improve performance. Try adding the 'const' keyword to the constructor invocation • test/issue56_glass_rect_is_in_the_backdrops_space_test.dart:86:20 • prefer_const_constructors
   info • Use 'const' with the constructor to improve performance. Try adding the 'const' keyword to the constructor invocation • test/issue56_glass_rect_is_in_the_backdrops_space_test.dart:91:20 • prefer_const_constructors
warning • Unused import: 'package:flutter/painting.dart'. Try removing the import directive • test/issue58_step_assembly_import_test.dart:39:8 • unused_import
   info • Use 'const' with the constructor to improve performance. Try adding the 'const' keyword to the constructor invocation • test/issue59_align_meets_the_curve_test.dart:42:7 • prefer_const_constructors
   info • Use 'const' with the constructor to improve performance. Try adding the 'const' keyword to the constructor invocation • test/issue63_dimension_to_the_top_of_a_circle_test.dart:72:33 • prefer_const_constructors
   info • Use 'const' with the constructor to improve performance. Try adding the 'const' keyword to the constructor invocation • test/issue63_dimension_to_the_top_of_a_circle_test.dart:75:40 • prefer_const_constructors
   info • Use 'const' with the constructor to improve performance. Try adding the 'const' keyword to the constructor invocation • test/issue63_dimension_to_the_top_of_a_circle_test.dart:76:40 • prefer_const_constructors
   info • Use 'const' with the constructor to improve performance. Try adding the 'const' keyword to the constructor invocation • test/issue63_dimension_to_the_top_of_a_circle_test.dart:82:11 • prefer_const_constructors
   info • Use 'const' with the constructor to improve performance. Try adding the 'const' keyword to the constructor invocation • test/issue63_dimension_to_the_top_of_a_circle_test.dart:82:23 • prefer_const_constructors
   info • Use 'const' with the constructor to improve performance. Try adding the 'const' keyword to the constructor invocation • test/issue63_dimension_to_the_top_of_a_circle_test.dart:82:35 • prefer_const_constructors
   info • Use 'const' with the constructor to improve performance. Try adding the 'const' keyword to the constructor invocation • test/issue63_dimension_to_the_top_of_a_circle_test.dart:173:17 • prefer_const_constructors
   info • Use 'const' with the constructor to improve performance. Try adding the 'const' keyword to the constructor invocation • test/issue63_dimension_to_the_top_of_a_circle_test.dart:173:29 • prefer_const_constructors
   info • Use 'const' with the constructor to improve performance. Try adding the 'const' keyword to the constructor invocation • test/issue63_dimension_to_the_top_of_a_circle_test.dart:173:41 • prefer_const_constructors
   info • Use 'const' with the constructor to improve performance. Try adding the 'const' keyword to the constructor invocation • test/issue63_dimension_to_the_top_of_a_circle_test.dart:186:19 • prefer_const_constructors
   info • Use 'const' with the constructor to improve performance. Try adding the 'const' keyword to the constructor invocation • test/issue63_dimension_to_the_top_of_a_circle_test.dart:186:31 • prefer_const_constructors
   info • Use 'const' with the constructor to improve performance. Try adding the 'const' keyword to the constructor invocation • test/issue63_dimension_to_the_top_of_a_circle_test.dart:186:43 • prefer_const_constructors
   info • Use 'const' with the constructor to improve performance. Try adding the 'const' keyword to the constructor invocation • test/issue65_project_the_whole_face_test.dart:220:11 • prefer_const_constructors
   info • Use 'const' with the constructor to improve performance. Try adding the 'const' keyword to the constructor invocation • test/issue65_project_the_whole_face_test.dart:221:11 • prefer_const_constructors
   info • Use 'const' with the constructor to improve performance. Try adding the 'const' keyword to the constructor invocation • test/issue65_project_the_whole_face_test.dart:222:11 • prefer_const_constructors
   info • Use 'const' with the constructor to improve performance. Try adding the 'const' keyword to the constructor invocation • test/issue65_project_the_whole_face_test.dart:227:17 • prefer_const_constructors
   info • Use 'const' with the constructor to improve performance. Try adding the 'const' keyword to the constructor invocation • test/issue65_project_the_whole_face_test.dart:232:17 • prefer_const_constructors
   info • Use 'const' with the constructor to improve performance. Try adding the 'const' keyword to the constructor invocation • test/issue65_project_the_whole_face_test.dart:238:36 • prefer_const_constructors
   info • Use 'const' with the constructor to improve performance. Try adding the 'const' keyword to the constructor invocation • test/issue65_project_the_whole_face_test.dart:249:32 • prefer_const_constructors
   info • Use 'const' with the constructor to improve performance. Try adding the 'const' keyword to the constructor invocation • test/issue65_project_the_whole_face_test.dart:256:17 • prefer_const_constructors
   info • The import of 'package:flutter/painting.dart' is unnecessary because all of the used elements are also provided by the import of 'package:flutter_test/flutter_test.dart'. Try removing the import directive • test/issue66_offset_chain_ignores_construction_test.dart:37:8 • unnecessary_import
   info • Use 'const' with the constructor to improve performance. Try adding the 'const' keyword to the constructor invocation • test/issue66_offset_chain_ignores_construction_test.dart:111:9 • prefer_const_constructors
   info • Use 'const' with the constructor to improve performance. Try adding the 'const' keyword to the constructor invocation • test/issue66_offset_chain_ignores_construction_test.dart:112:9 • prefer_const_constructors
   info • Use 'const' with the constructor to improve performance. Try adding the 'const' keyword to the constructor invocation • test/issue66_offset_chain_ignores_construction_test.dart:113:9 • prefer_const_constructors
   info • Use 'const' with the constructor to improve performance. Try adding the 'const' keyword to the constructor invocation • test/issue66_offset_chain_ignores_construction_test.dart:121:9 • prefer_const_constructors
   info • Use 'const' with the constructor to improve performance. Try adding the 'const' keyword to the constructor invocation • test/issue66_offset_chain_ignores_construction_test.dart:122:9 • prefer_const_constructors
   info • The imported package 'vector_math' isn't a dependency of the importing package. Try adding a dependency for 'vector_math' in the 'pubspec.yaml' file • test/issue69_plane_outline_is_one_point_test.dart:46:8 • depend_on_referenced_packages
   info • The import of 'dart:ui' is unnecessary because all of the used elements are also provided by the import of 'package:flutter_test/flutter_test.dart'. Try removing the import directive • test/issue82_blind_assistant_test.dart:24:8 • unnecessary_import
   info • Use 'const' with the constructor to improve performance. Try adding the 'const' keyword to the constructor invocation • test/issue82_blind_assistant_test.dart:145:9 • prefer_const_constructors
   info • Use 'const' with the constructor to improve performance. Try adding the 'const' keyword to the constructor invocation • test/issue82_blind_assistant_test.dart:147:9 • prefer_const_constructors
   info • Use 'const' with the constructor to improve performance. Try adding the 'const' keyword to the constructor invocation • test/issue82_blind_assistant_test.dart:160:9 • prefer_const_constructors
   info • Use 'const' with the constructor to improve performance. Try adding the 'const' keyword to the constructor invocation • test/issue82_blind_assistant_test.dart:161:9 • prefer_const_constructors
   info • Use 'const' with the constructor to improve performance. Try adding the 'const' keyword to the constructor invocation • test/issue82_blind_assistant_test.dart:162:9 • prefer_const_constructors
   info • Use 'const' with the constructor to improve performance. Try adding the 'const' keyword to the constructor invocation • test/issue82_blind_assistant_test.dart:163:9 • prefer_const_constructors
   info • Use 'const' with the constructor to improve performance. Try adding the 'const' keyword to the constructor invocation • test/issue82_blind_assistant_test.dart:172:9 • prefer_const_constructors
   info • Use 'const' with the constructor to improve performance. Try adding the 'const' keyword to the constructor invocation • test/issue82_blind_assistant_test.dart:173:9 • prefer_const_constructors
   info • Use 'const' with the constructor to improve performance. Try adding the 'const' keyword to the constructor invocation • test/issue82_blind_assistant_test.dart:174:9 • prefer_const_constructors
   info • Use 'const' with the constructor to improve performance. Try adding the 'const' keyword to the constructor invocation • test/issue82_blind_assistant_test.dart:175:9 • prefer_const_constructors
   info • Use interpolation to compose strings and values. Try using string interpolation to build the composite string • test/issue83_85_construction_test.dart:72:35 • prefer_interpolation_to_compose_strings
   info • Use 'const' for final variables initialized to a constant value. Try replacing 'final' with 'const' • test/issue89_the_model_can_point_test.dart:190:7 • prefer_const_declarations
   info • The import of 'package:prototype/l10n/gen/app_l10n.dart' is unnecessary because all of the used elements are also provided by the import of 'package:prototype/l10n/l.dart'. Try removing the import directive • test/l10n_completeness_test.dart:17:8 • unnecessary_import
   info • Use 'const' with the constructor to improve performance. Try adding the 'const' keyword to the constructor invocation • test/m123_point_on_curve_test.dart:74:9 • prefer_const_constructors
   info • Use 'const' with the constructor to improve performance. Try adding the 'const' keyword to the constructor invocation • test/m123_point_on_curve_test.dart:87:19 • prefer_const_constructors
   info • Use 'const' with the constructor to improve performance. Try adding the 'const' keyword to the constructor invocation • test/m123_point_on_curve_test.dart:109:19 • prefer_const_constructors
   info • Use 'const' for final variables initialized to a constant value. Try replacing 'final' with 'const' • test/m123_point_on_curve_test.dart:110:7 • prefer_const_declarations
   info • Use 'const' with the constructor to improve performance. Try adding the 'const' keyword to the constructor invocation • test/m123_point_on_curve_test.dart:124:18 • prefer_const_constructors
   info • Use 'const' with the constructor to improve performance. Try adding the 'const' keyword to the constructor invocation • test/m123_point_on_curve_test.dart:148:20 • prefer_const_constructors
   info • Use 'const' with the constructor to improve performance. Try adding the 'const' keyword to the constructor invocation • test/m123_point_on_curve_test.dart:158:19 • prefer_const_constructors
   info • Use 'const' with the constructor to improve performance. Try adding the 'const' keyword to the constructor invocation • test/m123_point_on_curve_test.dart:189:17 • prefer_const_constructors
   info • Use 'const' with the constructor to improve performance. Try adding the 'const' keyword to the constructor invocation • test/m123_point_on_curve_test.dart:190:19 • prefer_const_constructors
   info • Use 'const' with the constructor to improve performance. Try adding the 'const' keyword to the constructor invocation • test/m123_point_on_curve_test.dart:191:16 • prefer_const_constructors
   info • Use 'const' with the constructor to improve performance. Try adding the 'const' keyword to the constructor invocation • test/m123_point_on_curve_test.dart:192:20 • prefer_const_constructors
   info • Use 'const' with the constructor to improve performance. Try adding the 'const' keyword to the constructor invocation • test/m123_point_on_curve_test.dart:193:19 • prefer_const_constructors
   info • Use 'const' with the constructor to improve performance. Try adding the 'const' keyword to the constructor invocation • test/m123_point_on_curve_test.dart:195:20 • prefer_const_constructors
   info • Use 'const' with the constructor to improve performance. Try adding the 'const' keyword to the constructor invocation • test/m123_point_on_curve_test.dart:201:11 • prefer_const_constructors
   info • Use 'const' with the constructor to improve performance. Try adding the 'const' keyword to the constructor invocation • test/m123_point_on_curve_test.dart:212:9 • prefer_const_constructors
   info • Use 'const' with the constructor to improve performance. Try adding the 'const' keyword to the constructor invocation • test/m123_point_on_curve_test.dart:214:9 • prefer_const_constructors
   info • Use 'const' with the constructor to improve performance. Try adding the 'const' keyword to the constructor invocation • test/m123_point_on_curve_test.dart:240:18 • prefer_const_constructors
   info • Use 'const' with the constructor to improve performance. Try adding the 'const' keyword to the constructor invocation • test/m123_point_on_curve_test.dart:267:18 • prefer_const_constructors
   info • Use 'const' with the constructor to improve performance. Try adding the 'const' keyword to the constructor invocation • test/m123_point_on_curve_test.dart:288:18 • prefer_const_constructors
   info • Use 'const' with the constructor to improve performance. Try adding the 'const' keyword to the constructor invocation • test/m123_point_on_curve_test.dart:312:9 • prefer_const_constructors
   info • Use 'const' with the constructor to improve performance. Try adding the 'const' keyword to the constructor invocation • test/m123_point_on_curve_test.dart:313:9 • prefer_const_constructors
   info • Use 'const' with the constructor to improve performance. Try adding the 'const' keyword to the constructor invocation • test/m123_point_on_curve_test.dart:326:9 • prefer_const_constructors
   info • Use 'const' with the constructor to improve performance. Try adding the 'const' keyword to the constructor invocation • test/m123_point_on_curve_test.dart:327:9 • prefer_const_constructors
   info • Use 'const' with the constructor to improve performance. Try adding the 'const' keyword to the constructor invocation • test/m123_point_on_curve_test.dart:328:9 • prefer_const_constructors
   info • Use 'const' with the constructor to improve performance. Try adding the 'const' keyword to the constructor invocation • test/m123_point_on_curve_test.dart:335:11 • prefer_const_constructors
   info • Use 'const' with the constructor to improve performance. Try adding the 'const' keyword to the constructor invocation • test/m124_circle_gap_dim_test.dart:35:9 • prefer_const_constructors
   info • Use 'const' with the constructor to improve performance. Try adding the 'const' keyword to the constructor invocation • test/m124_circle_gap_dim_test.dart:36:9 • prefer_const_constructors
   info • Use 'const' with the constructor to improve performance. Try adding the 'const' keyword to the constructor invocation • test/m124_circle_gap_dim_test.dart:47:9 • prefer_const_constructors
   info • Use 'const' with the constructor to improve performance. Try adding the 'const' keyword to the constructor invocation • test/m124_circle_gap_dim_test.dart:48:9 • prefer_const_constructors
   info • Use 'const' with the constructor to improve performance. Try adding the 'const' keyword to the constructor invocation • test/m124_circle_gap_dim_test.dart:68:9 • prefer_const_constructors
   info • Use 'const' with the constructor to improve performance. Try adding the 'const' keyword to the constructor invocation • test/m124_circle_gap_dim_test.dart:69:9 • prefer_const_constructors
   info • Use 'const' with the constructor to improve performance. Try adding the 'const' keyword to the constructor invocation • test/m124_circle_gap_dim_test.dart:86:9 • prefer_const_constructors
   info • Use 'const' with the constructor to improve performance. Try adding the 'const' keyword to the constructor invocation • test/m124_circle_gap_dim_test.dart:87:9 • prefer_const_constructors
   info • Use 'const' with the constructor to improve performance. Try adding the 'const' keyword to the constructor invocation • test/m124_circle_gap_dim_test.dart:107:9 • prefer_const_constructors
   info • Use 'const' with the constructor to improve performance. Try adding the 'const' keyword to the constructor invocation • test/m124_circle_gap_dim_test.dart:108:9 • prefer_const_constructors
   info • Use 'const' with the constructor to improve performance. Try adding the 'const' keyword to the constructor invocation • test/m124_circle_gap_dim_test.dart:128:9 • prefer_const_constructors
   info • Use 'const' with the constructor to improve performance. Try adding the 'const' keyword to the constructor invocation • test/m124_circle_gap_dim_test.dart:129:9 • prefer_const_constructors
   info • Use 'const' with the constructor to improve performance. Try adding the 'const' keyword to the constructor invocation • test/m124_circle_gap_dim_test.dart:152:22 • prefer_const_constructors
   info • Use 'const' with the constructor to improve performance. Try adding the 'const' keyword to the constructor invocation • test/m124_circle_gap_dim_test.dart:172:22 • prefer_const_constructors
   info • Use 'const' with the constructor to improve performance. Try adding the 'const' keyword to the constructor invocation • test/m128_end_of_part_test.dart:59:8 • prefer_const_constructors
   info • The constant name '__' isn't a lowerCamelCase identifier. Try changing the name to follow the lowerCamelCase style • test/m132_extents_test.dart:63:17 • constant_identifier_names
   info • The variable name '__' isn't a lowerCamelCase identifier. Try changing the name to follow the lowerCamelCase style • test/m132_extents_test.dart:63:17 • non_constant_identifier_names
   info • The constant name '__' isn't a lowerCamelCase identifier. Try changing the name to follow the lowerCamelCase style • test/m132_extents_test.dart:142:17 • constant_identifier_names
   info • The variable name '__' isn't a lowerCamelCase identifier. Try changing the name to follow the lowerCamelCase style • test/m132_extents_test.dart:142:17 • non_constant_identifier_names
   info • The constant name '__' isn't a lowerCamelCase identifier. Try changing the name to follow the lowerCamelCase style • test/m132_extents_test.dart:149:17 • constant_identifier_names
   info • The variable name '__' isn't a lowerCamelCase identifier. Try changing the name to follow the lowerCamelCase style • test/m132_extents_test.dart:149:17 • non_constant_identifier_names
   info • Use 'const' for final variables initialized to a constant value. Try replacing 'final' with 'const' • test/m132_extents_test.dart:159:7 • prefer_const_declarations
   info • Use 'const' with the constructor to improve performance. Try adding the 'const' keyword to the constructor invocation • test/m133_edge_pick_test.dart:60:10 • prefer_const_constructors
   info • Use 'const' with the constructor to improve performance. Try adding the 'const' keyword to the constructor invocation • test/m133_edge_pick_test.dart:60:25 • prefer_const_constructors
   info • Use 'const' with the constructor to improve performance. Try adding the 'const' keyword to the constructor invocation • test/m133_edge_pick_test.dart:61:10 • prefer_const_constructors
   info • Use 'const' with the constructor to improve performance. Try adding the 'const' keyword to the constructor invocation • test/m133_edge_pick_test.dart:61:25 • prefer_const_constructors
   info • Use 'const' with the constructor to improve performance. Try adding the 'const' keyword to the constructor invocation • test/m133_edge_pick_test.dart:61:41 • prefer_const_constructors
   info • Use 'const' with the constructor to improve performance. Try adding the 'const' keyword to the constructor invocation • test/m133_edge_pick_test.dart:62:10 • prefer_const_constructors
   info • Use 'const' with the constructor to improve performance. Try adding the 'const' keyword to the constructor invocation • test/m133_edge_pick_test.dart:62:25 • prefer_const_constructors
   info • Use 'const' with the constructor to improve performance. Try adding the 'const' keyword to the constructor invocation • test/m133_edge_pick_test.dart:83:10 • prefer_const_constructors
   info • Use 'const' with the constructor to improve performance. Try adding the 'const' keyword to the constructor invocation • test/m133_edge_pick_test.dart:83:25 • prefer_const_constructors
   info • Use 'const' with the constructor to improve performance. Try adding the 'const' keyword to the constructor invocation • test/m133_edge_pick_test.dart:94:10 • prefer_const_constructors
   info • Use 'const' with the constructor to improve performance. Try adding the 'const' keyword to the constructor invocation • test/m133_edge_pick_test.dart:94:25 • prefer_const_constructors
   info • Use 'const' with the constructor to improve performance. Try adding the 'const' keyword to the constructor invocation • test/m133_edge_pick_test.dart:101:10 • prefer_const_constructors
   info • Use 'const' with the constructor to improve performance. Try adding the 'const' keyword to the constructor invocation • test/m133_edge_pick_test.dart:101:25 • prefer_const_constructors
   info • Use 'const' with the constructor to improve performance. Try adding the 'const' keyword to the constructor invocation • test/m133_edge_pick_test.dart:109:10 • prefer_const_constructors
   info • Use 'const' with the constructor to improve performance. Try adding the 'const' keyword to the constructor invocation • test/m133_edge_pick_test.dart:109:25 • prefer_const_constructors
   info • Use 'const' with the constructor to improve performance. Try adding the 'const' keyword to the constructor invocation • test/m133_edge_pick_test.dart:119:10 • prefer_const_constructors
   info • Use 'const' with the constructor to improve performance. Try adding the 'const' keyword to the constructor invocation • test/m133_edge_pick_test.dart:119:25 • prefer_const_constructors
   info • Use 'const' with the constructor to improve performance. Try adding the 'const' keyword to the constructor invocation • test/m133_edge_pick_test.dart:134:10 • prefer_const_constructors
   info • Use 'const' with the constructor to improve performance. Try adding the 'const' keyword to the constructor invocation • test/m133_edge_pick_test.dart:134:25 • prefer_const_constructors
   info • Use 'const' with the constructor to improve performance. Try adding the 'const' keyword to the constructor invocation • test/m133_edge_pick_test.dart:135:10 • prefer_const_constructors
   info • Use 'const' with the constructor to improve performance. Try adding the 'const' keyword to the constructor invocation • test/m133_edge_pick_test.dart:135:26 • prefer_const_constructors
   info • Use 'const' with the constructor to improve performance. Try adding the 'const' keyword to the constructor invocation • test/m133_edge_pick_test.dart:144:10 • prefer_const_constructors
   info • Use 'const' with the constructor to improve performance. Try adding the 'const' keyword to the constructor invocation • test/m133_edge_pick_test.dart:144:26 • prefer_const_constructors
   info • Use 'const' with the constructor to improve performance. Try adding the 'const' keyword to the constructor invocation • test/m133_edge_pick_test.dart:145:10 • prefer_const_constructors
   info • Use 'const' with the constructor to improve performance. Try adding the 'const' keyword to the constructor invocation • test/m133_edge_pick_test.dart:145:25 • prefer_const_constructors
   info • Use 'const' with the constructor to improve performance. Try adding the 'const' keyword to the constructor invocation • test/m133_edge_pick_test.dart:153:10 • prefer_const_constructors
   info • Use 'const' with the constructor to improve performance. Try adding the 'const' keyword to the constructor invocation • test/m133_edge_pick_test.dart:153:25 • prefer_const_constructors
   info • Use 'const' with the constructor to improve performance. Try adding the 'const' keyword to the constructor invocation • test/m133_edge_pick_test.dart:156:10 • prefer_const_constructors
   info • Use 'const' with the constructor to improve performance. Try adding the 'const' keyword to the constructor invocation • test/m133_edge_pick_test.dart:156:26 • prefer_const_constructors
   info • Use 'const' with the constructor to improve performance. Try adding the 'const' keyword to the constructor invocation • test/m133_edge_pick_test.dart:168:10 • prefer_const_constructors
   info • Use 'const' with the constructor to improve performance. Try adding the 'const' keyword to the constructor invocation • test/m133_edge_pick_test.dart:168:25 • prefer_const_constructors
   info • Use 'const' with the constructor to improve performance. Try adding the 'const' keyword to the constructor invocation • test/m133_edge_pick_test.dart:168:40 • prefer_const_constructors
   info • Use 'const' with the constructor to improve performance. Try adding the 'const' keyword to the constructor invocation • test/m133_edge_pick_test.dart:168:55 • prefer_const_constructors
   info • Use 'const' with the constructor to improve performance. Try adding the 'const' keyword to the constructor invocation • test/m133_edge_pick_test.dart:169:10 • prefer_const_constructors
   info • Use 'const' with the constructor to improve performance. Try adding the 'const' keyword to the constructor invocation • test/m133_edge_pick_test.dart:178:10 • prefer_const_constructors
   info • Use 'const' with the constructor to improve performance. Try adding the 'const' keyword to the constructor invocation • test/m133_edge_pick_test.dart:178:25 • prefer_const_constructors
   info • Use 'const' with the constructor to improve performance. Try adding the 'const' keyword to the constructor invocation • test/m133_edge_pick_test.dart:193:10 • prefer_const_constructors
   info • Use 'const' with the constructor to improve performance. Try adding the 'const' keyword to the constructor invocation • test/m133_edge_pick_test.dart:193:25 • prefer_const_constructors
   info • Use 'const' with the constructor to improve performance. Try adding the 'const' keyword to the constructor invocation • test/m133_edge_pick_test.dart:197:9 • prefer_const_constructors
   info • Use 'const' with the constructor to improve performance. Try adding the 'const' keyword to the constructor invocation • test/m133_edge_pick_test.dart:198:9 • prefer_const_constructors
   info • Use 'const' with the constructor to improve performance. Try adding the 'const' keyword to the constructor invocation • test/m133_edge_pick_test.dart:205:10 • prefer_const_constructors
   info • Use 'const' with the constructor to improve performance. Try adding the 'const' keyword to the constructor invocation • test/m133_edge_pick_test.dart:205:25 • prefer_const_constructors
   info • Use 'const' with the constructor to improve performance. Try adding the 'const' keyword to the constructor invocation • test/m136_edge_feature_test.dart:37:9 • prefer_const_constructors
   info • Use 'const' with the constructor to improve performance. Try adding the 'const' keyword to the constructor invocation • test/m136_edge_feature_test.dart:38:9 • prefer_const_constructors
   info • Use 'const' with the constructor to improve performance. Try adding the 'const' keyword to the constructor invocation • test/m136_edge_feature_test.dart:39:9 • prefer_const_constructors
   info • Use 'const' with the constructor to improve performance. Try adding the 'const' keyword to the constructor invocation • test/m136_edge_feature_test.dart:323:14 • prefer_const_constructors
   info • Use 'const' with the constructor to improve performance. Try adding the 'const' keyword to the constructor invocation • test/m136_edge_feature_test.dart:325:14 • prefer_const_constructors
   info • Use 'const' with the constructor to improve performance. Try adding the 'const' keyword to the constructor invocation • test/m136_edge_feature_test.dart:328:17 • prefer_const_constructors
   info • Use 'const' with the constructor to improve performance. Try adding the 'const' keyword to the constructor invocation • test/m152_edge_reanchor_test.dart:114:20 • prefer_const_constructors
   info • Use 'const' with the constructor to improve performance. Try adding the 'const' keyword to the constructor invocation • test/m153_sketch_follows_face_test.dart:56:22 • prefer_const_constructors
   info • Use 'const' with the constructor to improve performance. Try adding the 'const' keyword to the constructor invocation • test/m153_sketch_follows_face_test.dart:72:21 • prefer_const_constructors
   info • Use 'const' with the constructor to improve performance. Try adding the 'const' keyword to the constructor invocation • test/m166_face_sketch_follows_test.dart:34:21 • prefer_const_constructors
   info • Use 'const' with the constructor to improve performance. Try adding the 'const' keyword to the constructor invocation • test/m166_face_sketch_follows_test.dart:44:22 • prefer_const_constructors
   info • Use 'const' with the constructor to improve performance. Try adding the 'const' keyword to the constructor invocation • test/m166_face_sketch_follows_test.dart:45:19 • prefer_const_constructors
   info • Use 'const' with the constructor to improve performance. Try adding the 'const' keyword to the constructor invocation • test/m166_face_sketch_follows_test.dart:53:21 • prefer_const_constructors
   info • Use 'const' with the constructor to improve performance. Try adding the 'const' keyword to the constructor invocation • test/m166_face_sketch_follows_test.dart:58:20 • prefer_const_constructors
   info • Use 'const' with the constructor to improve performance. Try adding the 'const' keyword to the constructor invocation • test/m166_face_sketch_follows_test.dart:65:21 • prefer_const_constructors
   info • Use 'const' with the constructor to improve performance. Try adding the 'const' keyword to the constructor invocation • test/m166_face_sketch_follows_test.dart:69:21 • prefer_const_constructors
   info • Use 'const' with the constructor to improve performance. Try adding the 'const' keyword to the constructor invocation • test/m166_face_sketch_follows_test.dart:85:18 • prefer_const_constructors
   info • The local variable '_mesh' starts with an underscore. Try renaming the variable to not start with an underscore • test/m168_slice_graphics_test.dart:142:16 • no_leading_underscores_for_local_identifiers
   info • Use 'const' with the constructor to improve performance. Try adding the 'const' keyword to the constructor invocation • test/m175_ray_on_plane_test.dart:78:18 • prefer_const_constructors
   info • Use 'const' with the constructor to improve performance. Try adding the 'const' keyword to the constructor invocation • test/m175_ray_on_plane_test.dart:89:18 • prefer_const_constructors
   info • Use 'const' with the constructor to improve performance. Try adding the 'const' keyword to the constructor invocation • test/m177_doc_ref_test.dart:100:17 • prefer_const_constructors
   info • Use 'const' with the constructor to improve performance. Try adding the 'const' keyword to the constructor invocation • test/m177_doc_ref_test.dart:108:17 • prefer_const_constructors
   info • Use 'const' with the constructor to improve performance. Try adding the 'const' keyword to the constructor invocation • test/m177_doc_ref_test.dart:114:17 • prefer_const_constructors
   info • Use 'const' with the constructor to improve performance. Try adding the 'const' keyword to the constructor invocation • test/m177_doc_ref_test.dart:120:11 • prefer_const_constructors
   info • Use 'const' with the constructor to improve performance. Try adding the 'const' keyword to the constructor invocation • test/m177_doc_ref_test.dart:125:17 • prefer_const_constructors
   info • Use 'const' with the constructor to improve performance. Try adding the 'const' keyword to the constructor invocation • test/m177_doc_ref_test.dart:157:7 • prefer_const_constructors
   info • Use 'const' with the constructor to improve performance. Try adding the 'const' keyword to the constructor invocation • test/m177_doc_ref_test.dart:162:9 • prefer_const_constructors
   info • Use 'const' with the constructor to improve performance. Try adding the 'const' keyword to the constructor invocation • test/m177_doc_ref_test.dart:169:9 • prefer_const_constructors
   info • Use 'const' with the constructor to improve performance. Try adding the 'const' keyword to the constructor invocation • test/m177_doc_ref_test.dart:178:9 • prefer_const_constructors
   info • Use 'const' with the constructor to improve performance. Try adding the 'const' keyword to the constructor invocation • test/m177_doc_ref_test.dart:194:9 • prefer_const_constructors
   info • Use 'const' with the constructor to improve performance. Try adding the 'const' keyword to the constructor invocation • test/m177_doc_ref_test.dart:205:9 • prefer_const_constructors
   info • Use 'const' with the constructor to improve performance. Try adding the 'const' keyword to the constructor invocation • test/m177_doc_ref_test.dart:219:9 • prefer_const_constructors
   info • Use 'const' with the constructor to improve performance. Try adding the 'const' keyword to the constructor invocation • test/m177_doc_ref_test.dart:245:9 • prefer_const_constructors
   info • Use 'const' with the constructor to improve performance. Try adding the 'const' keyword to the constructor invocation • test/m177_doc_ref_test.dart:253:9 • prefer_const_constructors
   info • Use 'const' with the constructor to improve performance. Try adding the 'const' keyword to the constructor invocation • test/m177_doc_ref_test.dart:271:11 • prefer_const_constructors
warning • Unused import: 'package:prototype/doc_ref.dart'. Try removing the import directive • test/m177_documents_test.dart:13:8 • unused_import
   info • Type could be non-nullable. Try changing the type to be non-nullable • test/m180_every_number_scrubs_test.dart:67:24 • unnecessary_nullable_for_final_variable_declarations
   info • Use 'const' with the constructor to improve performance. Try adding the 'const' keyword to the constructor invocation • test/m182_cannot_break_test.dart:71:8 • prefer_const_constructors
   info • The local variable '_line' starts with an underscore. Try renaming the variable to not start with an underscore • test/m182_cannot_break_test.dart:272:9 • no_leading_underscores_for_local_identifiers
   info • The constant name '__' isn't a lowerCamelCase identifier. Try changing the name to follow the lowerCamelCase style • test/m183_blend_robustness_test.dart:218:17 • constant_identifier_names
   info • The variable name '__' isn't a lowerCamelCase identifier. Try changing the name to follow the lowerCamelCase style • test/m183_blend_robustness_test.dart:218:17 • non_constant_identifier_names
   info • Unnecessary use of string interpolation. Try replacing the string literal with the variable name • test/m184_bug_report_test.dart:596:37 • unnecessary_string_interpolations
   info • Instances of 'Color' should be created using an 8-digit hexadecimal integer (such as '0xFFFFFFFF') • test/m186_screenshot_test.dart:19:70 • use_full_hex_values_for_flutter_colors
   info • Use 'const' with the constructor to improve performance. Try adding the 'const' keyword to the constructor invocation • test/m187_trim_and_binds_test.dart:41:7 • prefer_const_constructors
   info • Use 'const' with the constructor to improve performance. Try adding the 'const' keyword to the constructor invocation • test/m187_trim_and_binds_test.dart:46:7 • prefer_const_constructors
   info • Use 'const' with the constructor to improve performance. Try adding the 'const' keyword to the constructor invocation • test/m187_trim_and_binds_test.dart:52:7 • prefer_const_constructors
   info • Use 'const' with the constructor to improve performance. Try adding the 'const' keyword to the constructor invocation • test/m187_trim_and_binds_test.dart:89:9 • prefer_const_constructors
   info • Use 'const' with the constructor to improve performance. Try adding the 'const' keyword to the constructor invocation • test/m187_trim_and_binds_test.dart:90:9 • prefer_const_constructors
   info • Use 'const' with the constructor to improve performance. Try adding the 'const' keyword to the constructor invocation • test/m187_trim_and_binds_test.dart:99:9 • prefer_const_constructors
   info • Use 'const' with the constructor to improve performance. Try adding the 'const' keyword to the constructor invocation • test/m187_trim_and_binds_test.dart:100:9 • prefer_const_constructors
   info • Use 'const' with the constructor to improve performance. Try adding the 'const' keyword to the constructor invocation • test/m187_trim_and_binds_test.dart:109:9 • prefer_const_constructors
   info • Use 'const' for final variables initialized to a constant value. Try replacing 'final' with 'const' • test/m187_trim_and_binds_test.dart:121:7 • prefer_const_declarations
   info • Use 'const' for final variables initialized to a constant value. Try replacing 'final' with 'const' • test/m187_trim_and_binds_test.dart:122:7 • prefer_const_declarations
   info • Use 'const' with the constructor to improve performance. Try adding the 'const' keyword to the constructor invocation • test/m187_trim_and_binds_test.dart:171:9 • prefer_const_constructors
   info • Use 'const' with the constructor to improve performance. Try adding the 'const' keyword to the constructor invocation • test/m187_trim_and_binds_test.dart:172:9 • prefer_const_constructors
   info • Use 'const' with the constructor to improve performance. Try adding the 'const' keyword to the constructor invocation • test/m201_tangent_snap_test.dart:24:7 • prefer_const_constructors
   info • Use 'const' with the constructor to improve performance. Try adding the 'const' keyword to the constructor invocation • test/m201_tangent_snap_test.dart:82:7 • prefer_const_constructors
   info • Use 'const' with the constructor to improve performance. Try adding the 'const' keyword to the constructor invocation • test/m201_tangent_snap_test.dart:94:7 • prefer_const_constructors
   info • Use 'const' with the constructor to improve performance. Try adding the 'const' keyword to the constructor invocation • test/m201_tangent_snap_test.dart:95:7 • prefer_const_constructors
   info • Use 'const' with the constructor to improve performance. Try adding the 'const' keyword to the constructor invocation • test/m203_degenerate_geometry_test.dart:117:38 • prefer_const_constructors
   info • Use 'const' with the constructor to improve performance. Try adding the 'const' keyword to the constructor invocation • test/m203_degenerate_geometry_test.dart:131:30 • prefer_const_constructors
   info • Use 'const' with the constructor to improve performance. Try adding the 'const' keyword to the constructor invocation • test/m203_degenerate_geometry_test.dart:132:30 • prefer_const_constructors
   info • Use 'const' with the constructor to improve performance. Try adding the 'const' keyword to the constructor invocation • test/m203_degenerate_geometry_test.dart:133:30 • prefer_const_constructors
   info • Use 'const' with the constructor to improve performance. Try adding the 'const' keyword to the constructor invocation • test/m203_degenerate_geometry_test.dart:135:30 • prefer_const_constructors
   info • Use 'const' with the constructor to improve performance. Try adding the 'const' keyword to the constructor invocation • test/m207_drag_continuity_test.dart:148:22 • prefer_const_constructors
   info • Use 'const' with the constructor to improve performance. Try adding the 'const' keyword to the constructor invocation • test/m207_drag_continuity_test.dart:149:25 • prefer_const_constructors
   info • Use 'const' with the constructor to improve performance. Try adding the 'const' keyword to the constructor invocation • test/m209_point_and_windows_test.dart:71:33 • prefer_const_constructors
   info • Use 'const' with the constructor to improve performance. Try adding the 'const' keyword to the constructor invocation • test/m209_point_and_windows_test.dart:82:22 • prefer_const_constructors
   info • Use a 'SizedBox' to add whitespace to a layout. Try using a 'SizedBox' rather than a 'Container' • test/m209_point_and_windows_test.dart:193:30 • sized_box_for_whitespace
   info • Use 'const' with the constructor to improve performance. Try adding the 'const' keyword to the constructor invocation • test/m211_projected_arc_side_test.dart:187:9 • prefer_const_constructors
   info • Use 'const' with the constructor to improve performance. Try adding the 'const' keyword to the constructor invocation • test/m212_pattern_3d_test.dart:82:5 • prefer_const_constructors
   info • Use 'const' with the constructor to improve performance. Try adding the 'const' keyword to the constructor invocation • test/m212_pattern_3d_test.dart:83:5 • prefer_const_constructors
   info • Use 'const' with the constructor to improve performance. Try adding the 'const' keyword to the constructor invocation • test/m212_pattern_3d_test.dart:84:5 • prefer_const_constructors
   info • Use 'const' with the constructor to improve performance. Try adding the 'const' keyword to the constructor invocation • test/m212_pattern_3d_test.dart:403:17 • prefer_const_constructors
   info • Use 'const' with the constructor to improve performance. Try adding the 'const' keyword to the constructor invocation • test/m212_pattern_3d_test.dart:1187:17 • prefer_const_constructors
   info • The import of 'package:flutter/material.dart' is unnecessary because all of the used elements are also provided by the import of 'package:flutter_test/flutter_test.dart'. Try removing the import directive • test/m214_step_export_test.dart:23:8 • unnecessary_import
warning • Unused import: 'package:prototype/pick_math.dart'. Try removing the import directive • test/m219_spline_trim_and_resolution_test.dart:33:8 • unused_import
   info • Use 'const' for final variables initialized to a constant value. Try replacing 'final' with 'const' • test/m219_spline_trim_and_resolution_test.dart:118:1 • prefer_const_declarations
   info • Use 'const' with the constructor to improve performance. Try adding the 'const' keyword to the constructor invocation • test/m219_spline_trim_and_resolution_test.dart:204:17 • prefer_const_constructors
   info • Use 'const' with the constructor to improve performance. Try adding the 'const' keyword to the constructor invocation • test/m219_spline_trim_and_resolution_test.dart:341:26 • prefer_const_constructors
   info • Use 'const' with the constructor to improve performance. Try adding the 'const' keyword to the constructor invocation • test/m219_spline_trim_and_resolution_test.dart:360:18 • prefer_const_constructors
   info • Use 'const' with the constructor to improve performance. Try adding the 'const' keyword to the constructor invocation • test/m219_spline_trim_and_resolution_test.dart:363:24 • prefer_const_constructors
   info • Use 'const' with the constructor to improve performance. Try adding the 'const' keyword to the constructor invocation • test/m219_spline_trim_and_resolution_test.dart:388:9 • prefer_const_constructors
   info • Use 'const' with the constructor to improve performance. Try adding the 'const' keyword to the constructor invocation • test/m219_spline_trim_and_resolution_test.dart:389:9 • prefer_const_constructors
   info • Use 'const' with the constructor to improve performance. Try adding the 'const' keyword to the constructor invocation • test/m219_spline_trim_and_resolution_test.dart:428:22 • prefer_const_constructors
   info • Use 'const' with the constructor to improve performance. Try adding the 'const' keyword to the constructor invocation • test/m219_spline_trim_and_resolution_test.dart:503:25 • prefer_const_constructors
   info • Use 'const' for final variables initialized to a constant value. Try replacing 'final' with 'const' • test/m219_spline_trim_and_resolution_test.dart:535:7 • prefer_const_declarations
   info • Use 'const' with the constructor to improve performance. Try adding the 'const' keyword to the constructor invocation • test/m219_spline_trim_and_resolution_test.dart:579:18 • prefer_const_constructors
   info • Use 'const' with the constructor to improve performance. Try adding the 'const' keyword to the constructor invocation • test/m219_spline_trim_and_resolution_test.dart:668:9 • prefer_const_constructors
   info • Use 'const' with the constructor to improve performance. Try adding the 'const' keyword to the constructor invocation • test/m219_spline_trim_and_resolution_test.dart:694:20 • prefer_const_constructors
   info • Use 'const' with the constructor to improve performance. Try adding the 'const' keyword to the constructor invocation • test/m219_spline_trim_and_resolution_test.dart:703:25 • prefer_const_constructors
   info • Use 'const' for final variables initialized to a constant value. Try replacing 'final' with 'const' • test/m220_text_is_geometry_test.dart:527:7 • prefer_const_declarations
   info • Use 'const' with the constructor to improve performance. Try adding the 'const' keyword to the constructor invocation • test/m232_analyze_cache_test.dart:29:7 • prefer_const_constructors
   info • Use 'const' with the constructor to improve performance. Try adding the 'const' keyword to the constructor invocation • test/m232_analyze_cache_test.dart:30:7 • prefer_const_constructors
   info • Use 'const' with the constructor to improve performance. Try adding the 'const' keyword to the constructor invocation • test/m232_analyze_cache_test.dart:52:24 • prefer_const_constructors
   info • Use 'const' with the constructor to improve performance. Try adding the 'const' keyword to the constructor invocation • test/m232_analyze_cache_test.dart:55:24 • prefer_const_constructors
   info • Use 'const' with the constructor to improve performance. Try adding the 'const' keyword to the constructor invocation • test/m232_analyze_cache_test.dart:61:34 • prefer_const_constructors
   info • Use 'const' with the constructor to improve performance. Try adding the 'const' keyword to the constructor invocation • test/m232_analyze_cache_test.dart:81:42 • prefer_const_constructors
   info • Use 'const' with the constructor to improve performance. Try adding the 'const' keyword to the constructor invocation • test/m232_analyze_cache_test.dart:212:11 • prefer_const_constructors
   info • Use 'const' with the constructor to improve performance. Try adding the 'const' keyword to the constructor invocation • test/m232_analyze_pin_test.dart:92:17 • prefer_const_constructors
   info • Use 'const' with the constructor to improve performance. Try adding the 'const' keyword to the constructor invocation • test/m232_analyze_pin_test.dart:92:29 • prefer_const_constructors
   info • Use 'const' with the constructor to improve performance. Try adding the 'const' keyword to the constructor invocation • test/m232_lm_pin_test.dart:132:11 • prefer_const_constructors
   info • Use 'const' with the constructor to improve performance. Try adding the 'const' keyword to the constructor invocation • test/m232_lm_pin_test.dart:133:11 • prefer_const_constructors
   info • Use 'const' with the constructor to improve performance. Try adding the 'const' keyword to the constructor invocation • test/m232_provenance_index_test.dart:147:28 • prefer_const_constructors
   info • Statements in an if should be enclosed in a block. Try wrapping the statement in a block • test/m236_theme_test.dart:695:54 • curly_braces_in_flow_control_structures
   info • Use 'const' with the constructor to improve performance. Try adding the 'const' keyword to the constructor invocation • test/m241_assembly_reality_test.dart:125:47 • prefer_const_constructors
   info • Use 'const' with the constructor to improve performance. Try adding the 'const' keyword to the constructor invocation • test/m242_asm_solver_test.dart:413:12 • prefer_const_constructors
   info • Use 'const' with the constructor to improve performance. Try adding the 'const' keyword to the constructor invocation • test/m242_asm_ui_test.dart:408:20 • prefer_const_constructors
   info • Use 'const' with the constructor to improve performance. Try adding the 'const' keyword to the constructor invocation • test/m242_asm_ui_test.dart:420:20 • prefer_const_constructors
   info • Use 'const' with the constructor to improve performance. Try adding the 'const' keyword to the constructor invocation • test/m242_asm_ui_test.dart:446:11 • prefer_const_constructors
   info • Use 'const' with the constructor to improve performance. Try adding the 'const' keyword to the constructor invocation • test/m242_asm_ui_test.dart:450:11 • prefer_const_constructors
   info • Use 'const' with the constructor to improve performance. Try adding the 'const' keyword to the constructor invocation • test/m242_asm_ui_test.dart:467:12 • prefer_const_constructors
   info • Use 'const' with the constructor to improve performance. Try adding the 'const' keyword to the constructor invocation • test/m242_asm_ui_test.dart:469:12 • prefer_const_constructors
   info • Use 'const' with the constructor to improve performance. Try adding the 'const' keyword to the constructor invocation • test/m242_asm_ui_test.dart:654:29 • prefer_const_constructors
   info • Use 'const' with the constructor to improve performance. Try adding the 'const' keyword to the constructor invocation • test/m242_asm_ui_test.dart:655:11 • prefer_const_constructors
   info • Use 'const' with the constructor to improve performance. Try adding the 'const' keyword to the constructor invocation • test/m242_asm_ui_test.dart:660:29 • prefer_const_constructors
   info • Use 'const' with the constructor to improve performance. Try adding the 'const' keyword to the constructor invocation • test/m242_asm_ui_test.dart:661:11 • prefer_const_constructors
   info • Use 'const' with the constructor to improve performance. Try adding the 'const' keyword to the constructor invocation • test/m242_asm_ui_test.dart:726:12 • prefer_const_constructors
   info • Use 'const' with the constructor to improve performance. Try adding the 'const' keyword to the constructor invocation • test/m242_asm_ui_test.dart:728:12 • prefer_const_constructors
   info • Use 'const' with the constructor to improve performance. Try adding the 'const' keyword to the constructor invocation • test/m242_asm_ui_test.dart:824:12 • prefer_const_constructors
   info • Use 'const' with the constructor to improve performance. Try adding the 'const' keyword to the constructor invocation • test/m242_asm_ui_test.dart:826:12 • prefer_const_constructors
   info • Use 'const' with the constructor to improve performance. Try adding the 'const' keyword to the constructor invocation • test/m242_asm_ui_test.dart:866:12 • prefer_const_constructors
   info • Use 'const' with the constructor to improve performance. Try adding the 'const' keyword to the constructor invocation • test/m242_asm_ui_test.dart:868:12 • prefer_const_constructors
   info • Use 'const' with the constructor to improve performance. Try adding the 'const' keyword to the constructor invocation • test/m242_asm_ui_test.dart:897:12 • prefer_const_constructors
   info • Use 'const' with the constructor to improve performance. Try adding the 'const' keyword to the constructor invocation • test/m242_asm_ui_test.dart:899:12 • prefer_const_constructors
warning • Unused import: 'package:prototype/assembly.dart'. Try removing the import directive • test/m245_live_link_test.dart:22:8 • unused_import
   info • Use 'const' with the constructor to improve performance. Try adding the 'const' keyword to the constructor invocation • test/m245_live_link_test.dart:202:12 • prefer_const_constructors
   info • Use 'const' with the constructor to improve performance. Try adding the 'const' keyword to the constructor invocation • test/m245_live_link_test.dart:204:12 • prefer_const_constructors
   info • The import of 'dart:ui' is unnecessary because all of the used elements are also provided by the import of 'package:flutter/material.dart'. Try removing the import directive • test/m247_asm_work_features_test.dart:26:8 • unnecessary_import
warning • Unused import: 'package:prototype/l10n/cad_terms.dart'. Try removing the import directive • test/m247_asm_work_features_test.dart:38:8 • unused_import
warning • Unused import: 'package:prototype/l10n/cad_terms.dart'. Try removing the import directive • test/m248_asm_pattern_test.dart:37:8 • unused_import
   info • Use 'const' with the constructor to improve performance. Try adding the 'const' keyword to the constructor invocation • test/m248_asm_pattern_test.dart:205:21 • prefer_const_constructors
   info • Use 'const' with the constructor to improve performance. Try adding the 'const' keyword to the constructor invocation • test/m249_relationships_test.dart:553:12 • prefer_const_constructors
   info • Use 'const' with the constructor to improve performance. Try adding the 'const' keyword to the constructor invocation • test/m249_relationships_test.dart:554:12 • prefer_const_constructors
warning • Unused import: 'package:prototype/part_render.dart'. Try removing the import directive • test/m250_asm_assemble_test.dart:50:8 • unused_import
   info • Use 'const' with the constructor to improve performance. Try adding the 'const' keyword to the constructor invocation • test/m250_asm_assemble_test.dart:374:20 • prefer_const_constructors
   info • Use 'const' with the constructor to improve performance. Try adding the 'const' keyword to the constructor invocation • test/m250_asm_assemble_test.dart:375:9 • prefer_const_constructors
   info • Use 'const' with the constructor to improve performance. Try adding the 'const' keyword to the constructor invocation • test/m250_asm_assemble_test.dart:375:26 • prefer_const_constructors
   info • Use 'const' with the constructor to improve performance. Try adding the 'const' keyword to the constructor invocation • test/m250_asm_assemble_test.dart:376:9 • prefer_const_constructors
   info • Use 'const' with the constructor to improve performance. Try adding the 'const' keyword to the constructor invocation • test/m250_asm_assemble_test.dart:519:12 • prefer_const_constructors
   info • Use 'const' with the constructor to improve performance. Try adding the 'const' keyword to the constructor invocation • test/m250_asm_assemble_test.dart:519:29 • prefer_const_constructors
   info • Use 'const' with the constructor to improve performance. Try adding the 'const' keyword to the constructor invocation • test/m250_asm_assemble_test.dart:520:12 • prefer_const_constructors
   info • Use 'const' with the constructor to improve performance. Try adding the 'const' keyword to the constructor invocation • test/m250_asm_assemble_test.dart:520:28 • prefer_const_constructors
   info • Use 'const' with the constructor to improve performance. Try adding the 'const' keyword to the constructor invocation • test/m250_asm_assemble_test.dart:549:12 • prefer_const_constructors
   info • Use 'const' with the constructor to improve performance. Try adding the 'const' keyword to the constructor invocation • test/m250_asm_assemble_test.dart:549:29 • prefer_const_constructors
   info • Use 'const' with the constructor to improve performance. Try adding the 'const' keyword to the constructor invocation • test/m250_asm_assemble_test.dart:550:12 • prefer_const_constructors
   info • Use 'const' with the constructor to improve performance. Try adding the 'const' keyword to the constructor invocation • test/m250_asm_assemble_test.dart:550:28 • prefer_const_constructors
   info • The import of 'package:flutter/material.dart' is unnecessary because all of the used elements are also provided by the import of 'package:flutter_test/flutter_test.dart'. Try removing the import directive • test/m256_output_follows_geometry_test.dart:26:8 • unnecessary_import
   info • Use 'const' with the constructor to improve performance. Try adding the 'const' keyword to the constructor invocation • test/m25_test.dart:23:27 • prefer_const_constructors
   info • Use 'const' with the constructor to improve performance. Try adding the 'const' keyword to the constructor invocation • test/m25_test.dart:39:27 • prefer_const_constructors
   info • Use 'const' with the constructor to improve performance. Try adding the 'const' keyword to the constructor invocation • test/m25_test.dart:105:7 • prefer_const_constructors
   info • Use 'const' with the constructor to improve performance. Try adding the 'const' keyword to the constructor invocation • test/m26_test.dart:57:19 • prefer_const_constructors
   info • Use 'const' with the constructor to improve performance. Try adding the 'const' keyword to the constructor invocation • test/m26_test.dart:57:31 • prefer_const_constructors
   info • Use 'const' with the constructor to improve performance. Try adding the 'const' keyword to the constructor invocation • test/m26_test.dart:105:19 • prefer_const_constructors
   info • Use 'const' with the constructor to improve performance. Try adding the 'const' keyword to the constructor invocation • test/m26_test.dart:105:31 • prefer_const_constructors
   info • Use 'const' with the constructor to improve performance. Try adding the 'const' keyword to the constructor invocation • test/m26_test.dart:116:19 • prefer_const_constructors
   info • Use 'const' with the constructor to improve performance. Try adding the 'const' keyword to the constructor invocation • test/m26_test.dart:116:31 • prefer_const_constructors
   info • Use 'const' with the constructor to improve performance. Try adding the 'const' keyword to the constructor invocation • test/m26_test.dart:147:44 • prefer_const_constructors
   info • Use 'const' with the constructor to improve performance. Try adding the 'const' keyword to the constructor invocation • test/m26_test.dart:147:56 • prefer_const_constructors
   info • Use 'const' with the constructor to improve performance. Try adding the 'const' keyword to the constructor invocation • test/m26_test.dart:158:19 • prefer_const_constructors
   info • Use 'const' with the constructor to improve performance. Try adding the 'const' keyword to the constructor invocation • test/m26_test.dart:158:31 • prefer_const_constructors
   info • Use 'const' with the constructor to improve performance. Try adding the 'const' keyword to the constructor invocation • test/m26_test.dart:186:19 • prefer_const_constructors
   info • Use 'const' with the constructor to improve performance. Try adding the 'const' keyword to the constructor invocation • test/m26_test.dart:186:31 • prefer_const_constructors
   info • Use 'const' with the constructor to improve performance. Try adding the 'const' keyword to the constructor invocation • test/m26_test.dart:199:27 • prefer_const_constructors
   info • Use 'const' with the constructor to improve performance. Try adding the 'const' keyword to the constructor invocation • test/m26_test.dart:201:27 • prefer_const_constructors
   info • Use 'const' for final variables initialized to a constant value. Try replacing 'final' with 'const' • test/m278_zip64_3mf_test.dart:64:3 • prefer_const_declarations
   info • The local variable '_part' starts with an underscore. Try renaming the variable to not start with an underscore • test/m279_project_face_test.dart:165:15 • no_leading_underscores_for_local_identifiers
   info • Use 'const' with the constructor to improve performance. Try adding the 'const' keyword to the constructor invocation • test/m27_test.dart:26:13 • prefer_const_constructors
   info • Use 'const' with the constructor to improve performance. Try adding the 'const' keyword to the constructor invocation • test/m27_test.dart:26:25 • prefer_const_constructors
   info • Can't use a relative path to import a library in 'lib'. Try fixing the relative path or changing the import to a 'package:' import • test/m289_export_format_test.dart:3:8 • avoid_relative_lib_imports
   info • Use 'const' with the constructor to improve performance. Try adding the 'const' keyword to the constructor invocation • test/m28_test.dart:49:14 • prefer_const_constructors
   info • Use 'const' with the constructor to improve performance. Try adding the 'const' keyword to the constructor invocation • test/m28_test.dart:54:26 • prefer_const_constructors
   info • Use 'const' with the constructor to improve performance. Try adding the 'const' keyword to the constructor invocation • test/m28_test.dart:66:26 • prefer_const_constructors
   info • Use 'const' with the constructor to improve performance. Try adding the 'const' keyword to the constructor invocation • test/m28_test.dart:78:26 • prefer_const_constructors
   info • Use 'const' with the constructor to improve performance. Try adding the 'const' keyword to the constructor invocation • test/m28_test.dart:103:26 • prefer_const_constructors
   info • Use 'const' with the constructor to improve performance. Try adding the 'const' keyword to the constructor invocation • test/m28_test.dart:114:17 • prefer_const_constructors
   info • Use 'const' with the constructor to improve performance. Try adding the 'const' keyword to the constructor invocation • test/m28_test.dart:116:35 • prefer_const_constructors
   info • Use 'const' with the constructor to improve performance. Try adding the 'const' keyword to the constructor invocation • test/m28_test.dart:117:35 • prefer_const_constructors
   info • Use 'const' with the constructor to improve performance. Try adding the 'const' keyword to the constructor invocation • test/m28_test.dart:118:35 • prefer_const_constructors
   info • Use 'const' with the constructor to improve performance. Try adding the 'const' keyword to the constructor invocation • test/m28_test.dart:120:17 • prefer_const_constructors
   info • Use 'const' with the constructor to improve performance. Try adding the 'const' keyword to the constructor invocation • test/m28_test.dart:120:29 • prefer_const_constructors
   info • Use 'const' with the constructor to improve performance. Try adding the 'const' keyword to the constructor invocation • test/m28_test.dart:120:41 • prefer_const_constructors
   info • Use 'const' with the constructor to improve performance. Try adding the 'const' keyword to the constructor invocation • test/m28_test.dart:120:53 • prefer_const_constructors
   info • Use 'const' with the constructor to improve performance. Try adding the 'const' keyword to the constructor invocation • test/m28_test.dart:126:15 • prefer_const_constructors
   info • Use 'const' with the constructor to improve performance. Try adding the 'const' keyword to the constructor invocation • test/m28_test.dart:126:27 • prefer_const_constructors
   info • Use 'const' with the constructor to improve performance. Try adding the 'const' keyword to the constructor invocation • test/m28_test.dart:126:39 • prefer_const_constructors
   info • Use 'const' with the constructor to improve performance. Try adding the 'const' keyword to the constructor invocation • test/m28_test.dart:126:51 • prefer_const_constructors
   info • Use 'const' with the constructor to improve performance. Try adding the 'const' keyword to the constructor invocation • test/m28_test.dart:133:26 • prefer_const_constructors
   info • Use 'const' with the constructor to improve performance. Try adding the 'const' keyword to the constructor invocation • test/m28_test.dart:133:56 • prefer_const_constructors
   info • Use 'const' with the constructor to improve performance. Try adding the 'const' keyword to the constructor invocation • test/m292_asm_section_test.dart:183:18 • prefer_const_constructors
   info • Use 'const' with the constructor to improve performance. Try adding the 'const' keyword to the constructor invocation • test/m292_asm_section_test.dart:210:24 • prefer_const_constructors
   info • Unnecessary use of string interpolation. Try replacing the string literal with the variable name • test/m292_asm_section_test.dart:216:57 • unnecessary_string_interpolations
   info • Unnecessary use of string interpolation. Try replacing the string literal with the variable name • test/m292_asm_section_test.dart:217:57 • unnecessary_string_interpolations
   info • Unnecessary use of string interpolation. Try replacing the string literal with the variable name • test/m292_asm_section_test.dart:218:57 • unnecessary_string_interpolations
   info • Use 'const' with the constructor to improve performance. Try adding the 'const' keyword to the constructor invocation • test/m292_asm_section_test.dart:250:18 • prefer_const_constructors
   info • The constant name 'math_pi_2' isn't a lowerCamelCase identifier. Try changing the name to follow the lowerCamelCase style • test/m292_asm_section_test.dart:290:14 • constant_identifier_names
   info • Use 'const' with the constructor to improve performance. Try adding the 'const' keyword to the constructor invocation • test/m29_test.dart:52:9 • prefer_const_constructors
   info • Use 'const' with the constructor to improve performance. Try adding the 'const' keyword to the constructor invocation • test/m29_test.dart:53:9 • prefer_const_constructors
   info • Use 'const' with the constructor to improve performance. Try adding the 'const' keyword to the constructor invocation • test/m29_test.dart:57:37 • prefer_const_constructors
   info • Use 'const' with the constructor to improve performance. Try adding the 'const' keyword to the constructor invocation • test/m29_test.dart:58:37 • prefer_const_constructors
   info • Use 'const' with the constructor to improve performance. Try adding the 'const' keyword to the constructor invocation • test/m29_test.dart:59:37 • prefer_const_constructors
   info • Use 'const' with the constructor to improve performance. Try adding the 'const' keyword to the constructor invocation • test/m29_test.dart:60:37 • prefer_const_constructors
   info • Use 'const' with the constructor to improve performance. Try adding the 'const' keyword to the constructor invocation • test/m29_test.dart:61:55 • prefer_const_constructors
   info • Use 'const' with the constructor to improve performance. Try adding the 'const' keyword to the constructor invocation • test/m29_test.dart:72:9 • prefer_const_constructors
   info • Use 'const' with the constructor to improve performance. Try adding the 'const' keyword to the constructor invocation • test/m29_test.dart:74:9 • prefer_const_constructors
   info • Use 'const' with the constructor to improve performance. Try adding the 'const' keyword to the constructor invocation • test/m29_test.dart:78:37 • prefer_const_constructors
   info • Use 'const' with the constructor to improve performance. Try adding the 'const' keyword to the constructor invocation • test/m29_test.dart:80:37 • prefer_const_constructors
   info • Use 'const' with the constructor to improve performance. Try adding the 'const' keyword to the constructor invocation • test/m29_test.dart:81:37 • prefer_const_constructors
   info • Use 'const' with the constructor to improve performance. Try adding the 'const' keyword to the constructor invocation • test/m29_test.dart:82:37 • prefer_const_constructors
   info • Use 'const' with the constructor to improve performance. Try adding the 'const' keyword to the constructor invocation • test/m29_test.dart:83:55 • prefer_const_constructors
   info • Use 'const' with the constructor to improve performance. Try adding the 'const' keyword to the constructor invocation • test/m29_test.dart:96:9 • prefer_const_constructors
   info • Use 'const' with the constructor to improve performance. Try adding the 'const' keyword to the constructor invocation • test/m29_test.dart:97:9 • prefer_const_constructors
   info • Use 'const' with the constructor to improve performance. Try adding the 'const' keyword to the constructor invocation • test/m29_test.dart:102:58 • prefer_const_constructors
   info • Use 'const' with the constructor to improve performance. Try adding the 'const' keyword to the constructor invocation • test/m29_test.dart:107:22 • prefer_const_constructors
   info • Use 'const' with the constructor to improve performance. Try adding the 'const' keyword to the constructor invocation • test/m29_test.dart:109:28 • prefer_const_constructors
   info • Use 'const' with the constructor to improve performance. Try adding the 'const' keyword to the constructor invocation • test/m29_test.dart:116:22 • prefer_const_constructors
   info • Use 'const' with the constructor to improve performance. Try adding the 'const' keyword to the constructor invocation • test/m29_test.dart:121:22 • prefer_const_constructors
   info • Use 'const' with the constructor to improve performance. Try adding the 'const' keyword to the constructor invocation • test/m29_test.dart:123:28 • prefer_const_constructors
   info • Use 'const' with the constructor to improve performance. Try adding the 'const' keyword to the constructor invocation • test/m29_test.dart:133:12 • prefer_const_constructors
   info • Use 'const' with the constructor to improve performance. Try adding the 'const' keyword to the constructor invocation • test/m29_test.dart:133:42 • prefer_const_constructors
   info • Use 'const' with the constructor to improve performance. Try adding the 'const' keyword to the constructor invocation • test/m29_test.dart:142:9 • prefer_const_constructors
   info • Use 'const' with the constructor to improve performance. Try adding the 'const' keyword to the constructor invocation • test/m29_test.dart:143:9 • prefer_const_constructors
   info • Use 'const' with the constructor to improve performance. Try adding the 'const' keyword to the constructor invocation • test/m29_test.dart:146:37 • prefer_const_constructors
   info • Use 'const' with the constructor to improve performance. Try adding the 'const' keyword to the constructor invocation • test/m29_test.dart:147:37 • prefer_const_constructors
   info • Use 'const' with the constructor to improve performance. Try adding the 'const' keyword to the constructor invocation • test/m29_test.dart:148:37 • prefer_const_constructors
   info • Use 'const' with the constructor to improve performance. Try adding the 'const' keyword to the constructor invocation • test/m31_test.dart:55:18 • prefer_const_constructors
   info • Use 'const' with the constructor to improve performance. Try adding the 'const' keyword to the constructor invocation • test/m31_test.dart:57:20 • prefer_const_constructors
   info • Use 'const' with the constructor to improve performance. Try adding the 'const' keyword to the constructor invocation • test/m31_test.dart:72:22 • prefer_const_constructors
   info • Use 'const' with the constructor to improve performance. Try adding the 'const' keyword to the constructor invocation • test/m31_test.dart:75:31 • prefer_const_constructors
   info • Use 'const' with the constructor to improve performance. Try adding the 'const' keyword to the constructor invocation • test/m31_test.dart:75:43 • prefer_const_constructors
   info • Use 'const' with the constructor to improve performance. Try adding the 'const' keyword to the constructor invocation • test/m31_test.dart:87:7 • prefer_const_constructors
   info • Use 'const' with the constructor to improve performance. Try adding the 'const' keyword to the constructor invocation • test/m31_test.dart:88:7 • prefer_const_constructors
   info • Use 'const' with the constructor to improve performance. Try adding the 'const' keyword to the constructor invocation • test/m31_test.dart:95:35 • prefer_const_constructors
   info • Use 'const' with the constructor to improve performance. Try adding the 'const' keyword to the constructor invocation • test/m31_test.dart:96:35 • prefer_const_constructors
   info • Use 'const' with the constructor to improve performance. Try adding the 'const' keyword to the constructor invocation • test/m31_test.dart:99:31 • prefer_const_constructors
   info • Use 'const' with the constructor to improve performance. Try adding the 'const' keyword to the constructor invocation • test/m31_test.dart:99:43 • prefer_const_constructors
   info • Use 'const' with the constructor to improve performance. Try adding the 'const' keyword to the constructor invocation • test/m31_test.dart:99:55 • prefer_const_constructors
   info • Use 'const' with the constructor to improve performance. Try adding the 'const' keyword to the constructor invocation • test/m31_test.dart:110:7 • prefer_const_constructors
   info • Use 'const' with the constructor to improve performance. Try adding the 'const' keyword to the constructor invocation • test/m31_test.dart:111:7 • prefer_const_constructors
   info • Use 'const' with the constructor to improve performance. Try adding the 'const' keyword to the constructor invocation • test/m31_test.dart:118:35 • prefer_const_constructors
   info • Use 'const' with the constructor to improve performance. Try adding the 'const' keyword to the constructor invocation • test/m31_test.dart:121:31 • prefer_const_constructors
   info • Use 'const' with the constructor to improve performance. Try adding the 'const' keyword to the constructor invocation • test/m31_test.dart:121:43 • prefer_const_constructors
   info • Use 'const' with the constructor to improve performance. Try adding the 'const' keyword to the constructor invocation • test/m31_test.dart:129:7 • prefer_const_constructors
   info • Use 'const' with the constructor to improve performance. Try adding the 'const' keyword to the constructor invocation • test/m31_test.dart:130:7 • prefer_const_constructors
   info • Use 'const' with the constructor to improve performance. Try adding the 'const' keyword to the constructor invocation • test/m31_test.dart:137:34 • prefer_const_constructors
   info • Use 'const' with the constructor to improve performance. Try adding the 'const' keyword to the constructor invocation • test/m31_test.dart:137:46 • prefer_const_constructors
   info • Use 'const' with the constructor to improve performance. Try adding the 'const' keyword to the constructor invocation • test/m31_test.dart:142:7 • prefer_const_constructors
   info • Use 'const' with the constructor to improve performance. Try adding the 'const' keyword to the constructor invocation • test/m31_test.dart:143:7 • prefer_const_constructors
   info • Use 'const' with the constructor to improve performance. Try adding the 'const' keyword to the constructor invocation • test/m32_test.dart:55:35 • prefer_const_constructors
   info • Use 'const' with the constructor to improve performance. Try adding the 'const' keyword to the constructor invocation • test/m32_test.dart:58:17 • prefer_const_constructors
   info • Use 'const' with the constructor to improve performance. Try adding the 'const' keyword to the constructor invocation • test/m32_test.dart:58:29 • prefer_const_constructors
   info • Use 'const' with the constructor to improve performance. Try adding the 'const' keyword to the constructor invocation • test/m32_test.dart:83:13 • prefer_const_constructors
   info • Use 'const' with the constructor to improve performance. Try adding the 'const' keyword to the constructor invocation • test/m32_test.dart:85:15 • prefer_const_constructors
   info • Use 'const' with the constructor to improve performance. Try adding the 'const' keyword to the constructor invocation • test/m32_test.dart:85:27 • prefer_const_constructors
   info • Use 'const' with the constructor to improve performance. Try adding the 'const' keyword to the constructor invocation • test/m33_test.dart:22:5 • prefer_const_constructors
   info • Use 'const' with the constructor to improve performance. Try adding the 'const' keyword to the constructor invocation • test/m33_test.dart:23:5 • prefer_const_constructors
   info • Use 'const' with the constructor to improve performance. Try adding the 'const' keyword to the constructor invocation • test/m33_test.dart:24:5 • prefer_const_constructors
   info • Use 'const' with the constructor to improve performance. Try adding the 'const' keyword to the constructor invocation • test/m33_test.dart:26:5 • prefer_const_constructors
   info • Use 'const' with the constructor to improve performance. Try adding the 'const' keyword to the constructor invocation • test/m345_clipboard_test.dart:236:64 • prefer_const_constructors
   info • Use 'const' with the constructor to improve performance. Try adding the 'const' keyword to the constructor invocation • test/m345_clipboard_test.dart:334:23 • prefer_const_constructors
   info • Use 'const' with the constructor to improve performance. Try adding the 'const' keyword to the constructor invocation • test/m345_clipboard_test.dart:368:9 • prefer_const_constructors
   info • Use 'const' with the constructor to improve performance. Try adding the 'const' keyword to the constructor invocation • test/m34_test.dart:89:9 • prefer_const_constructors
   info • Use 'const' with the constructor to improve performance. Try adding the 'const' keyword to the constructor invocation • test/m34_test.dart:145:17 • prefer_const_constructors
warning • Unused import: 'package:prototype/ffi/qcad_engine.dart'. Try removing the import directive • test/m357_bleed_chrome_test.dart:30:8 • unused_import
   info • The import of 'dart:ui' is unnecessary because all of the used elements are also provided by the import of 'package:flutter_test/flutter_test.dart'. Try removing the import directive • test/m35_test.dart:8:8 • unnecessary_import
   info • The import of 'dart:ui' is unnecessary because all of the used elements are also provided by the import of 'package:flutter_test/flutter_test.dart'. Try removing the import directive • test/m36_test.dart:9:8 • unnecessary_import
   info • Use 'const' with the constructor to improve performance. Try adding the 'const' keyword to the constructor invocation • test/m371_measure_pick_test.dart:158:17 • prefer_const_constructors
   info • Use 'const' with the constructor to improve performance. Try adding the 'const' keyword to the constructor invocation • test/m371_measure_pick_test.dart:171:19 • prefer_const_constructors
   info • Use 'const' with the constructor to improve performance. Try adding the 'const' keyword to the constructor invocation • test/m371_measure_pick_test.dart:172:19 • prefer_const_constructors
   info • Use 'const' with the constructor to improve performance. Try adding the 'const' keyword to the constructor invocation • test/m371_measure_pick_test.dart:254:30 • prefer_const_constructors
   info • Use 'const' for final variables initialized to a constant value. Try replacing 'final' with 'const' • test/m371_measure_test.dart:233:7 • prefer_const_declarations
   info • Use 'const' for final variables initialized to a constant value. Try replacing 'final' with 'const' • test/m371_measure_test.dart:251:7 • prefer_const_declarations
   info • Use 'const' for final variables initialized to a constant value. Try replacing 'final' with 'const' • test/m371_measure_test.dart:277:7 • prefer_const_declarations
   info • Use 'const' for final variables initialized to a constant value. Try replacing 'final' with 'const' • test/m371_measure_test.dart:290:7 • prefer_const_declarations
   info • Use 'const' for final variables initialized to a constant value. Try replacing 'final' with 'const' • test/m371_measure_test.dart:514:7 • prefer_const_declarations
warning • Unused import: 'package:prototype/part_render.dart'. Try removing the import directive • test/m374_measure_highlight_test.dart:30:8 • unused_import
   info • Use 'const' with the constructor to improve performance. Try adding the 'const' keyword to the constructor invocation • test/m381_lan_sync_test.dart:119:17 • prefer_const_constructors
   info • Use 'const' with the constructor to improve performance. Try adding the 'const' keyword to the constructor invocation • test/m381_lan_sync_test.dart:120:17 • prefer_const_constructors
   info • Use 'const' with the constructor to improve performance. Try adding the 'const' keyword to the constructor invocation • test/m381_lan_sync_test.dart:130:25 • prefer_const_constructors
   info • Use 'const' with the constructor to improve performance. Try adding the 'const' keyword to the constructor invocation • test/m381_lan_sync_test.dart:219:17 • prefer_const_constructors
   info • Use 'const' with the constructor to improve performance. Try adding the 'const' keyword to the constructor invocation • test/m381_lan_sync_test.dart:243:44 • prefer_const_constructors
warning • Unused import: 'package:prototype/sync/lan_sync.dart'. Try removing the import directive • test/m382_settings_sync_rows_test.dart:20:8 • unused_import
   info • Use 'const' with the constructor to improve performance. Try adding the 'const' keyword to the constructor invocation • test/m383_sync_live_test.dart:266:33 • prefer_const_constructors
   info • Unnecessary constructor invocation. Try using a collection literal • test/m384_import_solid_binding_test.dart:183:14 • prefer_collection_literals
   info • The local variable '_stl' starts with an underscore. Try renaming the variable to not start with an underscore • test/m384_import_solid_binding_test.dart:286:10 • no_leading_underscores_for_local_identifiers
   info • Unnecessary constructor invocation. Try using a collection literal • test/m384_import_solid_binding_test.dart:319:14 • prefer_collection_literals
   info • Use 'const' for final variables initialized to a constant value. Try replacing 'final' with 'const' • test/m389_windows_caption_row_test.dart:204:5 • prefer_const_declarations
   info • The import of 'package:flutter/painting.dart' is unnecessary because all of the used elements are also provided by the import of 'package:flutter_test/flutter_test.dart'. Try removing the import directive • test/m392_trackpad_gesture_test.dart:14:8 • unnecessary_import
   info • The import of 'package:flutter/widgets.dart' is unnecessary because all of the used elements are also provided by the import of 'package:flutter/services.dart'. Try removing the import directive • test/m393_orientation_test.dart:8:8 • unnecessary_import
   info • The import of 'dart:ui' is unnecessary because all of the used elements are also provided by the import of 'package:flutter_test/flutter_test.dart'. Try removing the import directive • test/m394_line_chain_anchor_test.dart:13:8 • unnecessary_import
   info • The import of 'dart:ui' is unnecessary because all of the used elements are also provided by the import of 'package:flutter_test/flutter_test.dart'. Try removing the import directive • test/m395_midpoint_inference_test.dart:15:8 • unnecessary_import
   info • Use 'const' with the constructor to improve performance. Try adding the 'const' keyword to the constructor invocation • test/m395_midpoint_inference_test.dart:42:7 • prefer_const_constructors
   info • Use 'const' with the constructor to improve performance. Try adding the 'const' keyword to the constructor invocation • test/m395_midpoint_inference_test.dart:43:7 • prefer_const_constructors
   info • Use 'const' with the constructor to improve performance. Try adding the 'const' keyword to the constructor invocation • test/m395_midpoint_inference_test.dart:44:7 • prefer_const_constructors
   info • Use 'const' with the constructor to improve performance. Try adding the 'const' keyword to the constructor invocation • test/m395_midpoint_inference_test.dart:45:7 • prefer_const_constructors
   info • Use 'const' with the constructor to improve performance. Try adding the 'const' keyword to the constructor invocation • test/m395_midpoint_inference_test.dart:53:29 • prefer_const_constructors
   info • Use 'const' with the constructor to improve performance. Try adding the 'const' keyword to the constructor invocation • test/m395_midpoint_inference_test.dart:70:29 • prefer_const_constructors
   info • Use 'const' with the constructor to improve performance. Try adding the 'const' keyword to the constructor invocation • test/m395_midpoint_inference_test.dart:85:29 • prefer_const_constructors
   info • Use 'const' with the constructor to improve performance. Try adding the 'const' keyword to the constructor invocation • test/m395_midpoint_inference_test.dart:104:29 • prefer_const_constructors
   info • Use 'const' with the constructor to improve performance. Try adding the 'const' keyword to the constructor invocation • test/m395_midpoint_inference_test.dart:120:7 • prefer_const_constructors
   info • Use 'const' with the constructor to improve performance. Try adding the 'const' keyword to the constructor invocation • test/m395_midpoint_inference_test.dart:121:7 • prefer_const_constructors
   info • Use 'const' with the constructor to improve performance. Try adding the 'const' keyword to the constructor invocation • test/m395_midpoint_inference_test.dart:122:7 • prefer_const_constructors
   info • Use 'const' with the constructor to improve performance. Try adding the 'const' keyword to the constructor invocation • test/m395_midpoint_inference_test.dart:123:7 • prefer_const_constructors
   info • Use 'const' with the constructor to improve performance. Try adding the 'const' keyword to the constructor invocation • test/m395_midpoint_inference_test.dart:143:29 • prefer_const_constructors
   info • Use 'const' with the constructor to improve performance. Try adding the 'const' keyword to the constructor invocation • test/m395_midpoint_inference_test.dart:189:9 • prefer_const_constructors
   info • Use 'const' with the constructor to improve performance. Try adding the 'const' keyword to the constructor invocation • test/m395_midpoint_inference_test.dart:190:9 • prefer_const_constructors
   info • Use 'const' with the constructor to improve performance. Try adding the 'const' keyword to the constructor invocation • test/m395_midpoint_inference_test.dart:191:9 • prefer_const_constructors
   info • The import of 'dart:ui' is unnecessary because all of the used elements are also provided by the import of 'package:flutter_test/flutter_test.dart'. Try removing the import directive • test/m397_profile_gap_test.dart:9:8 • unnecessary_import
   info • Use 'const' with the constructor to improve performance. Try adding the 'const' keyword to the constructor invocation • test/m397_profile_gap_test.dart:21:7 • prefer_const_constructors
   info • Use 'const' with the constructor to improve performance. Try adding the 'const' keyword to the constructor invocation • test/m397_profile_gap_test.dart:22:7 • prefer_const_constructors
   info • Use 'const' with the constructor to improve performance. Try adding the 'const' keyword to the constructor invocation • test/m397_profile_gap_test.dart:23:7 • prefer_const_constructors
   info • Use 'const' with the constructor to improve performance. Try adding the 'const' keyword to the constructor invocation • test/m397_profile_gap_test.dart:24:7 • prefer_const_constructors
   info • Use 'const' with the constructor to improve performance. Try adding the 'const' keyword to the constructor invocation • test/m397_profile_gap_test.dart:33:7 • prefer_const_constructors
   info • Use 'const' with the constructor to improve performance. Try adding the 'const' keyword to the constructor invocation • test/m397_profile_gap_test.dart:34:7 • prefer_const_constructors
   info • Use 'const' with the constructor to improve performance. Try adding the 'const' keyword to the constructor invocation • test/m397_profile_gap_test.dart:35:7 • prefer_const_constructors
   info • Use 'const' with the constructor to improve performance. Try adding the 'const' keyword to the constructor invocation • test/m397_profile_gap_test.dart:36:7 • prefer_const_constructors
   info • Use 'const' with the constructor to improve performance. Try adding the 'const' keyword to the constructor invocation • test/m397_profile_gap_test.dart:52:7 • prefer_const_constructors
   info • Use 'const' with the constructor to improve performance. Try adding the 'const' keyword to the constructor invocation • test/m397_profile_gap_test.dart:53:7 • prefer_const_constructors
   info • Use 'const' with the constructor to improve performance. Try adding the 'const' keyword to the constructor invocation • test/m397_profile_gap_test.dart:54:7 • prefer_const_constructors
   info • Use 'const' with the constructor to improve performance. Try adding the 'const' keyword to the constructor invocation • test/m397_profile_gap_test.dart:55:7 • prefer_const_constructors
   info • Use 'const' with the constructor to improve performance. Try adding the 'const' keyword to the constructor invocation • test/m397_profile_gap_test.dart:56:7 • prefer_const_constructors
   info • Use 'const' with the constructor to improve performance. Try adding the 'const' keyword to the constructor invocation • test/m397_profile_gap_test.dart:63:7 • prefer_const_constructors
   info • Use 'const' with the constructor to improve performance. Try adding the 'const' keyword to the constructor invocation • test/m397_profile_gap_test.dart:64:7 • prefer_const_constructors
   info • Use 'const' with the constructor to improve performance. Try adding the 'const' keyword to the constructor invocation • test/m397_profile_gap_test.dart:65:7 • prefer_const_constructors
   info • Use 'const' with the constructor to improve performance. Try adding the 'const' keyword to the constructor invocation • test/m397_profile_gap_test.dart:66:7 • prefer_const_constructors
   info • Use 'const' for final variables initialized to a constant value. Try replacing 'final' with 'const' • test/m401_midplane_angled_test.dart:114:7 • prefer_const_declarations
   info • Use 'const' for final variables initialized to a constant value. Try replacing 'final' with 'const' • test/m414_work_plane_extent_test.dart:89:7 • prefer_const_declarations
   info • Use 'const' for final variables initialized to a constant value. Try replacing 'final' with 'const' • test/m423_sync_crossing_test.dart:248:7 • prefer_const_declarations
   info • Use 'const' with the constructor to improve performance. Try adding the 'const' keyword to the constructor invocation • test/m42_visibility_test.dart:29:13 • prefer_const_constructors
   info • Use 'const' with the constructor to improve performance. Try adding the 'const' keyword to the constructor invocation • test/m42_visibility_test.dart:29:25 • prefer_const_constructors
   info • Use 'const' with the constructor to improve performance. Try adding the 'const' keyword to the constructor invocation • test/m42_visibility_test.dart:88:15 • prefer_const_constructors
   info • Use 'const' with the constructor to improve performance. Try adding the 'const' keyword to the constructor invocation • test/m42_visibility_test.dart:88:27 • prefer_const_constructors
   info • Use 'const' with the constructor to improve performance. Try adding the 'const' keyword to the constructor invocation • test/m42_visibility_test.dart:123:15 • prefer_const_constructors
   info • Use 'const' with the constructor to improve performance. Try adding the 'const' keyword to the constructor invocation • test/m42_visibility_test.dart:123:27 • prefer_const_constructors
   info • Use 'const' with the constructor to improve performance. Try adding the 'const' keyword to the constructor invocation • test/m441_ai_edits_the_part_test.dart:77:9 • prefer_const_constructors
   info • Use 'const' with the constructor to improve performance. Try adding the 'const' keyword to the constructor invocation • test/m441_ai_edits_the_part_test.dart:78:9 • prefer_const_constructors
   info • Use 'const' for final variables initialized to a constant value. Try replacing 'final' with 'const' • test/m448_a_title_not_json_test.dart:124:7 • prefer_const_declarations
   info • Use 'const' with the constructor to improve performance. Try adding the 'const' keyword to the constructor invocation • test/m451_fewer_round_trips_test.dart:159:45 • prefer_const_constructors
   info • The import of 'dart:typed_data' is unnecessary because all of the used elements are also provided by the import of 'package:flutter/services.dart'. Try removing the import directive • test/m453_vision_and_no_dead_ends_test.dart:17:8 • unnecessary_import
   info • Use 'const' with the constructor to improve performance. Try adding the 'const' keyword to the constructor invocation • test/m453_vision_and_no_dead_ends_test.dart:134:48 • prefer_const_constructors
   info • The import of 'dart:async' is unnecessary because all of the used elements are also provided by the import of 'package:flutter_test/flutter_test.dart'. Try removing the import directive • test/m455_curves_and_recovery_test.dart:17:8 • unnecessary_import
   info • The import of 'dart:ui' is unnecessary because all of the used elements are also provided by the import of 'package:flutter_test/flutter_test.dart'. Try removing the import directive • test/m455_curves_and_recovery_test.dart:20:8 • unnecessary_import
   info • Use 'const' with the constructor to improve performance. Try adding the 'const' keyword to the constructor invocation • test/m463_issue90_import_undo_test.dart:200:11 • prefer_const_constructors
   info • Use 'const' with the constructor to improve performance. Try adding the 'const' keyword to the constructor invocation • test/m463_issue90_import_undo_test.dart:206:15 • prefer_const_constructors
   info • Use 'const' for final variables initialized to a constant value. Try replacing 'final' with 'const' • test/m464_issue90_assistant_test.dart:153:7 • prefer_const_declarations
warning • Unused import: 'package:prototype/ffi/occt_engine.dart'. Try removing the import directive • test/m466_inventor_part_open_test.dart:19:8 • unused_import
warning • Unused import: 'package:prototype/ffi/occt_engine.dart'. Try removing the import directive • test/m468_inventor_ipt_open_test.dart:24:8 • unused_import
   info • The import of 'dart:ui' is unnecessary because all of the used elements are also provided by the import of 'package:flutter_test/flutter_test.dart'. Try removing the import directive • test/m469_inventor_pieces_test.dart:17:8 • unnecessary_import
warning • Unused import: 'package:prototype/inserts.dart'. Try removing the import directive • test/m46_shortcut_suppression_test.dart:11:8 • unused_import
   info • Use 'const' for final variables initialized to a constant value. Try replacing 'final' with 'const' • test/m471_real_part_modelling_test.dart:75:7 • prefer_const_declarations
   info • Use 'const' for final variables initialized to a constant value. Try replacing 'final' with 'const' • test/m471_real_part_modelling_test.dart:146:7 • prefer_const_declarations
   info • Use 'const' for final variables initialized to a constant value. Try replacing 'final' with 'const' • test/m471_real_part_modelling_test.dart:147:7 • prefer_const_declarations
   info • Use 'const' for final variables initialized to a constant value. Try replacing 'final' with 'const' • test/m471_real_part_modelling_test.dart:166:7 • prefer_const_declarations
   info • Use 'const' for final variables initialized to a constant value. Try replacing 'final' with 'const' • test/m471_real_part_modelling_test.dart:221:7 • prefer_const_declarations
   info • Use 'const' for final variables initialized to a constant value. Try replacing 'final' with 'const' • test/m471_real_part_modelling_test.dart:270:7 • prefer_const_declarations
   info • Use 'const' for final variables initialized to a constant value. Try replacing 'final' with 'const' • test/m471_real_part_modelling_test.dart:366:7 • prefer_const_declarations
   info • Use 'const' with the constructor to improve performance. Try adding the 'const' keyword to the constructor invocation • test/m47_body_drag_test.dart:71:17 • prefer_const_constructors
   info • Use 'const' with the constructor to improve performance. Try adding the 'const' keyword to the constructor invocation • test/m47_body_drag_test.dart:78:17 • prefer_const_constructors
   info • Use 'const' with the constructor to improve performance. Try adding the 'const' keyword to the constructor invocation • test/m47_body_drag_test.dart:84:17 • prefer_const_constructors
   info • Use 'const' with the constructor to improve performance. Try adding the 'const' keyword to the constructor invocation • test/m47_body_drag_test.dart:90:17 • prefer_const_constructors
   info • Use 'const' with the constructor to improve performance. Try adding the 'const' keyword to the constructor invocation • test/m480_sketch_rank_exact_test.dart:80:7 • prefer_const_constructors
   info • Use 'const' with the constructor to improve performance. Try adding the 'const' keyword to the constructor invocation • test/m480_sketch_rank_exact_test.dart:81:7 • prefer_const_constructors
   info • Use 'const' with the constructor to improve performance. Try adding the 'const' keyword to the constructor invocation • test/m480_sketch_rank_exact_test.dart:84:42 • prefer_const_constructors
   info • Use 'const' with the constructor to improve performance. Try adding the 'const' keyword to the constructor invocation • test/m480_sketch_rank_exact_test.dart:91:7 • prefer_const_constructors
   info • Use 'const' with the constructor to improve performance. Try adding the 'const' keyword to the constructor invocation • test/m480_sketch_rank_exact_test.dart:92:7 • prefer_const_constructors
   info • Use 'const' with the constructor to improve performance. Try adding the 'const' keyword to the constructor invocation • test/m480_sketch_rank_exact_test.dart:95:42 • prefer_const_constructors
   info • Use 'const' with the constructor to improve performance. Try adding the 'const' keyword to the constructor invocation • test/m480_sketch_rank_exact_test.dart:102:7 • prefer_const_constructors
   info • Use 'const' with the constructor to improve performance. Try adding the 'const' keyword to the constructor invocation • test/m480_sketch_rank_exact_test.dart:103:7 • prefer_const_constructors
   info • Use 'const' with the constructor to improve performance. Try adding the 'const' keyword to the constructor invocation • test/m480_sketch_rank_exact_test.dart:104:7 • prefer_const_constructors
   info • Use 'const' with the constructor to improve performance. Try adding the 'const' keyword to the constructor invocation • test/m480_sketch_rank_exact_test.dart:107:42 • prefer_const_constructors
   info • Use 'const' with the constructor to improve performance. Try adding the 'const' keyword to the constructor invocation • test/m480_sketch_rank_exact_test.dart:108:42 • prefer_const_constructors
   info • Use 'const' with the constructor to improve performance. Try adding the 'const' keyword to the constructor invocation • test/m481_work_plane_carries_its_sketches_test.dart:112:17 • prefer_const_constructors
   info • Unnecessary use of string interpolation. Try replacing the string literal with the variable name • test/m490_desktop_ux_flows_test.dart:419:12 • unnecessary_string_interpolations
   info • Use 'const' with the constructor to improve performance. Try adding the 'const' keyword to the constructor invocation • test/m49_split_test.dart:100:40 • prefer_const_constructors
   info • Use 'const' for final variables initialized to a constant value. Try replacing 'final' with 'const' • test/m49_split_test.dart:166:7 • prefer_const_declarations
   info • Use 'const' for final variables initialized to a constant value. Try replacing 'final' with 'const' • test/m49_split_test.dart:183:7 • prefer_const_declarations
   info • Use 'const' with the constructor to improve performance. Try adding the 'const' keyword to the constructor invocation • test/m50_ribbon_slimming_test.dart:264:33 • prefer_const_constructors
   info • The import of 'dart:ui' is unnecessary because all of the used elements are also provided by the import of 'package:flutter_test/flutter_test.dart'. Try removing the import directive • test/m53_end_of_sketch_test.dart:15:8 • unnecessary_import
   info • The import of 'dart:ui' is unnecessary because all of the used elements are also provided by the import of 'package:flutter_test/flutter_test.dart'. Try removing the import directive • test/m53_hud_arrows_test.dart:6:8 • unnecessary_import
   info • The import of 'package:flutter/material.dart' is unnecessary because all of the used elements are also provided by the import of 'package:flutter_test/flutter_test.dart'. Try removing the import directive • test/m56_part_test.dart:9:8 • unnecessary_import
warning • Unused import: 'dart:typed_data'. Try removing the import directive • test/m58_smooth_solids_test.dart:7:8 • unused_import
warning • Unused import: 'package:prototype/ffi/occt_engine.dart'. Try removing the import directive • test/m58_smooth_solids_test.dart:11:8 • unused_import
   info • Use 'const' with the constructor to improve performance. Try adding the 'const' keyword to the constructor invocation • test/m59_shaded_edges_test.dart:216:41 • prefer_const_constructors
   info • Use 'const' with the constructor to improve performance. Try adding the 'const' keyword to the constructor invocation • test/m59_shaded_edges_test.dart:235:20 • prefer_const_constructors
   info • Use 'const' with the constructor to improve performance. Try adding the 'const' keyword to the constructor invocation • test/m59_shaded_edges_test.dart:236:19 • prefer_const_constructors
   info • Use 'const' with the constructor to improve performance. Try adding the 'const' keyword to the constructor invocation • test/m59_shaded_edges_test.dart:247:23 • prefer_const_constructors
   info • Use 'const' with the constructor to improve performance. Try adding the 'const' keyword to the constructor invocation • test/m59_shaded_edges_test.dart:252:26 • prefer_const_constructors
   info • Use 'const' with the constructor to improve performance. Try adding the 'const' keyword to the constructor invocation • test/m59_shaded_edges_test.dart:265:22 • prefer_const_constructors
   info • Use 'const' with the constructor to improve performance. Try adding the 'const' keyword to the constructor invocation • test/m59_shaded_edges_test.dart:275:37 • prefer_const_constructors
   info • Use 'const' with the constructor to improve performance. Try adding the 'const' keyword to the constructor invocation • test/m59_shaded_edges_test.dart:282:9 • prefer_const_constructors
   info • Use 'const' with the constructor to improve performance. Try adding the 'const' keyword to the constructor invocation • test/m59_shaded_edges_test.dart:283:9 • prefer_const_constructors
   info • Use 'const' with the constructor to improve performance. Try adding the 'const' keyword to the constructor invocation • test/m59_shaded_edges_test.dart:284:9 • prefer_const_constructors
   info • Use 'const' with the constructor to improve performance. Try adding the 'const' keyword to the constructor invocation • test/m59_shaded_edges_test.dart:285:9 • prefer_const_constructors
   info • Use 'const' with the constructor to improve performance. Try adding the 'const' keyword to the constructor invocation • test/m59_shaded_edges_test.dart:293:17 • prefer_const_constructors
   info • Use 'const' with the constructor to improve performance. Try adding the 'const' keyword to the constructor invocation • test/m59_shaded_edges_test.dart:293:36 • prefer_const_constructors
   info • Use 'const' with the constructor to improve performance. Try adding the 'const' keyword to the constructor invocation • test/m59_shaded_edges_test.dart:307:33 • prefer_const_constructors
   info • Use 'const' with the constructor to improve performance. Try adding the 'const' keyword to the constructor invocation • test/m59_shaded_edges_test.dart:308:33 • prefer_const_constructors
   info • Use 'const' with the constructor to improve performance. Try adding the 'const' keyword to the constructor invocation • test/m59_shaded_edges_test.dart:406:20 • prefer_const_constructors
   info • Use 'const' with the constructor to improve performance. Try adding the 'const' keyword to the constructor invocation • test/m59_shaded_edges_test.dart:407:19 • prefer_const_constructors
   info • Use 'const' with the constructor to improve performance. Try adding the 'const' keyword to the constructor invocation • test/m59_shaded_edges_test.dart:432:50 • prefer_const_constructors
   info • The import of 'package:flutter/material.dart' is unnecessary because all of the used elements are also provided by the import of 'package:flutter_test/flutter_test.dart'. Try removing the import directive • test/m62_boolean_test.dart:10:8 • unnecessary_import
   info • Use 'const' for final variables initialized to a constant value. Try replacing 'final' with 'const' • test/m62_boolean_test.dart:261:7 • prefer_const_declarations
   info • The import of 'package:flutter/material.dart' is unnecessary because all of the used elements are also provided by the import of 'package:flutter_test/flutter_test.dart'. Try removing the import directive • test/m67_feature_cache_test.dart:10:8 • unnecessary_import
   info • Use 'const' with the constructor to improve performance. Try adding the 'const' keyword to the constructor invocation • test/m67_feature_cache_test.dart:194:22 • prefer_const_constructors
   info • The import of 'package:flutter/material.dart' is unnecessary because all of the used elements are also provided by the import of 'package:flutter_test/flutter_test.dart'. Try removing the import directive • test/m76_project_3d_test.dart:12:8 • unnecessary_import
   info • Use 'const' for final variables initialized to a constant value. Try replacing 'final' with 'const' • test/m83_origin_extent_test.dart:67:7 • prefer_const_declarations
   info • The import of 'package:flutter/painting.dart' is unnecessary because all of the used elements are also provided by the import of 'package:flutter_test/flutter_test.dart'. Try removing the import directive • test/m86_spline_fixes_test.dart:18:8 • unnecessary_import
   info • The import of 'package:flutter/painting.dart' is unnecessary because all of the used elements are also provided by the import of 'package:flutter_test/flutter_test.dart'. Try removing the import directive • test/m87_freehand_test.dart:8:8 • unnecessary_import
   info • The local variable '_three' starts with an underscore. Try renaming the variable to not start with an underscore • test/m91_timeline_eop_test.dart:103:15 • no_leading_underscores_for_local_identifiers
   info • Unnecessary cascade expression. Try using the operator '.' • test/m91_timeline_eop_test.dart:249:5 • avoid_single_cascade_in_expression_statements
   info • The import of 'package:flutter/painting.dart' is unnecessary because all of the used elements are also provided by the import of 'package:flutter_test/flutter_test.dart'. Try removing the import directive • test/m92_construction_geometry_test.dart:10:8 • unnecessary_import
   info • The local variable '_polySet' starts with an underscore. Try renaming the variable to not start with an underscore • test/m92_construction_geometry_test.dart:98:22 • no_leading_underscores_for_local_identifiers
   info • Use 'const' with the constructor to improve performance. Try adding the 'const' keyword to the constructor invocation • test/m92_construction_geometry_test.dart:113:52 • prefer_const_constructors
   info • Use 'const' for final variables initialized to a constant value. Try replacing 'final' with 'const' • test/m92_construction_geometry_test.dart:132:7 • prefer_const_declarations
   info • Use 'const' for final variables initialized to a constant value. Try replacing 'final' with 'const' • test/m92_construction_geometry_test.dart:146:7 • prefer_const_declarations
   info • Use 'const' with the constructor to improve performance. Try adding the 'const' keyword to the constructor invocation • test/m92_construction_geometry_test.dart:159:19 • prefer_const_constructors
   info • Use 'const' with the constructor to improve performance. Try adding the 'const' keyword to the constructor invocation • test/m92_construction_geometry_test.dart:159:31 • prefer_const_constructors
   info • Use 'const' with the constructor to improve performance. Try adding the 'const' keyword to the constructor invocation • test/m92_construction_geometry_test.dart:211:44 • prefer_const_constructors
   info • Use 'const' with the constructor to improve performance. Try adding the 'const' keyword to the constructor invocation • test/m92_construction_geometry_test.dart:211:56 • prefer_const_constructors
   info • Use 'const' with the constructor to improve performance. Try adding the 'const' keyword to the constructor invocation • test/m92_construction_geometry_test.dart:212:44 • prefer_const_constructors
   info • Use 'const' with the constructor to improve performance. Try adding the 'const' keyword to the constructor invocation • test/m92_construction_geometry_test.dart:212:56 • prefer_const_constructors
   info • Use 'const' with the constructor to improve performance. Try adding the 'const' keyword to the constructor invocation • test/m92_construction_geometry_test.dart:213:44 • prefer_const_constructors
   info • Use 'const' with the constructor to improve performance. Try adding the 'const' keyword to the constructor invocation • test/m92_construction_geometry_test.dart:213:56 • prefer_const_constructors
   info • Use 'const' with the constructor to improve performance. Try adding the 'const' keyword to the constructor invocation • test/m92_construction_geometry_test.dart:214:44 • prefer_const_constructors
   info • Use 'const' with the constructor to improve performance. Try adding the 'const' keyword to the constructor invocation • test/m92_construction_geometry_test.dart:214:56 • prefer_const_constructors
   info • Use 'const' with the constructor to improve performance. Try adding the 'const' keyword to the constructor invocation • test/m92_construction_geometry_test.dart:292:42 • prefer_const_constructors
   info • Use 'const' with the constructor to improve performance. Try adding the 'const' keyword to the constructor invocation • test/m92_construction_geometry_test.dart:292:54 • prefer_const_constructors
   info • Use 'const' with the constructor to improve performance. Try adding the 'const' keyword to the constructor invocation • test/m92_construction_geometry_test.dart:293:42 • prefer_const_constructors
   info • Use 'const' with the constructor to improve performance. Try adding the 'const' keyword to the constructor invocation • test/m92_construction_geometry_test.dart:293:54 • prefer_const_constructors
   info • Use 'const' with the constructor to improve performance. Try adding the 'const' keyword to the constructor invocation • test/m92_construction_geometry_test.dart:294:42 • prefer_const_constructors
   info • Use 'const' with the constructor to improve performance. Try adding the 'const' keyword to the constructor invocation • test/m92_construction_geometry_test.dart:294:54 • prefer_const_constructors
   info • Use 'const' with the constructor to improve performance. Try adding the 'const' keyword to the constructor invocation • test/m92_construction_geometry_test.dart:295:42 • prefer_const_constructors
   info • Use 'const' with the constructor to improve performance. Try adding the 'const' keyword to the constructor invocation • test/m92_construction_geometry_test.dart:295:54 • prefer_const_constructors
   info • Use 'const' with the constructor to improve performance. Try adding the 'const' keyword to the constructor invocation • test/m93_no_double_sketch_test.dart:22:5 • prefer_const_constructors
   info • Use 'const' with the constructor to improve performance. Try adding the 'const' keyword to the constructor invocation • test/m93_no_double_sketch_test.dart:23:5 • prefer_const_constructors
   info • Use 'const' with the constructor to improve performance. Try adding the 'const' keyword to the constructor invocation • test/m93_no_double_sketch_test.dart:25:5 • prefer_const_constructors
   info • The import of 'package:flutter/painting.dart' is unnecessary because all of the used elements are also provided by the import of 'package:flutter_test/flutter_test.dart'. Try removing the import directive • test/m94_centre_drag_test.dart:14:8 • unnecessary_import
   info • Use 'const' with the constructor to improve performance. Try adding the 'const' keyword to the constructor invocation • test/m94_centre_drag_test.dart:78:7 • prefer_const_constructors
   info • Use 'const' for final variables initialized to a constant value. Try replacing 'final' with 'const' • test/mesh_conventions_test.dart:119:7 • prefer_const_declarations
   info • Use 'const' for final variables initialized to a constant value. Try replacing 'final' with 'const' • test/mesh_conventions_test.dart:130:7 • prefer_const_declarations
   info • Use 'const' with the constructor to improve performance. Try adding the 'const' keyword to the constructor invocation • test/native_context_menu_test.dart:107:22 • prefer_const_constructors
   info • Use 'const' with the constructor to improve performance. Try adding the 'const' keyword to the constructor invocation • test/native_context_menu_test.dart:110:15 • prefer_const_constructors
   info • Use 'const' with the constructor to improve performance. Try adding the 'const' keyword to the constructor invocation • test/native_context_menu_test.dart:111:22 • prefer_const_constructors
   info • Use 'const' with the constructor to improve performance. Try adding the 'const' keyword to the constructor invocation • test/native_context_menu_test.dart:115:12 • prefer_const_constructors
   info • Use 'const' with the constructor to improve performance. Try adding the 'const' keyword to the constructor invocation • test/native_context_menu_test.dart:134:17 • prefer_const_constructors
   info • Use 'const' with the constructor to improve performance. Try adding the 'const' keyword to the constructor invocation • test/native_context_menu_test.dart:135:32 • prefer_const_constructors
   info • Use 'const' with the constructor to improve performance. Try adding the 'const' keyword to the constructor invocation • test/native_context_menu_test.dart:141:17 • prefer_const_constructors
   info • Use 'const' with the constructor to improve performance. Try adding the 'const' keyword to the constructor invocation • test/native_context_menu_test.dart:142:26 • prefer_const_constructors
   info • Use 'const' with the constructor to improve performance. Try adding the 'const' keyword to the constructor invocation • test/native_context_menu_test.dart:152:9 • prefer_const_constructors
   info • Use 'const' with the constructor to improve performance. Try adding the 'const' keyword to the constructor invocation • test/native_context_menu_test.dart:152:41 • prefer_const_constructors
warning • Unused import: 'dart:ui'. Try removing the import directive • test/profile_arrangement_test.dart:7:8 • unused_import
   info • Use 'const' with the constructor to improve performance. Try adding the 'const' keyword to the constructor invocation • test/reality_scene_test.dart:225:23 • prefer_const_constructors
   info • Use 'const' with the constructor to improve performance. Try adding the 'const' keyword to the constructor invocation • test/s4_display_geometry_once_test.dart:79:18 • prefer_const_constructors
   info • Use 'const' with the constructor to improve performance. Try adding the 'const' keyword to the constructor invocation • test/s4_display_geometry_once_test.dart:229:22 • prefer_const_constructors
   info • Use 'const' with the constructor to improve performance. Try adding the 'const' keyword to the constructor invocation • test/s4_display_geometry_once_test.dart:230:25 • prefer_const_constructors
   info • Use 'const' with the constructor to improve performance. Try adding the 'const' keyword to the constructor invocation • test/s4_display_geometry_once_test.dart:244:22 • prefer_const_constructors
   info • Use 'const' with the constructor to improve performance. Try adding the 'const' keyword to the constructor invocation • test/s4_display_geometry_once_test.dart:245:25 • prefer_const_constructors
   info • Use 'const' with the constructor to improve performance. Try adding the 'const' keyword to the constructor invocation • test/s4_display_geometry_once_test.dart:328:22 • prefer_const_constructors
   info • Use 'const' with the constructor to improve performance. Try adding the 'const' keyword to the constructor invocation • test/s4_display_geometry_once_test.dart:329:22 • prefer_const_constructors
   info • Use 'const' with the constructor to improve performance. Try adding the 'const' keyword to the constructor invocation • test/s4_display_geometry_once_test.dart:332:25 • prefer_const_constructors
   info • Use 'const' with the constructor to improve performance. Try adding the 'const' keyword to the constructor invocation • test/s4_display_geometry_once_test.dart:339:25 • prefer_const_constructors
   info • Use 'const' with the constructor to improve performance. Try adding the 'const' keyword to the constructor invocation • test/s4_display_geometry_once_test.dart:351:22 • prefer_const_constructors
   info • Use 'const' with the constructor to improve performance. Try adding the 'const' keyword to the constructor invocation • test/s4_display_geometry_once_test.dart:352:25 • prefer_const_constructors
   info • Use 'const' with the constructor to improve performance. Try adding the 'const' keyword to the constructor invocation • test/s4_display_geometry_once_test.dart:362:21 • prefer_const_constructors
   info • Use 'const' with the constructor to improve performance. Try adding the 'const' keyword to the constructor invocation • test/s4_display_geometry_once_test.dart:363:25 • prefer_const_constructors
   info • Use 'const' with the constructor to improve performance. Try adding the 'const' keyword to the constructor invocation • test/s4_display_geometry_once_test.dart:372:22 • prefer_const_constructors
   info • Use 'const' with the constructor to improve performance. Try adding the 'const' keyword to the constructor invocation • test/s4_display_geometry_once_test.dart:374:22 • prefer_const_constructors
   info • Use 'const' with the constructor to improve performance. Try adding the 'const' keyword to the constructor invocation • test/s4_display_geometry_once_test.dart:377:25 • prefer_const_constructors
   info • Use 'const' with the constructor to improve performance. Try adding the 'const' keyword to the constructor invocation • test/s4_display_geometry_once_test.dart:389:22 • prefer_const_constructors
   info • Use 'const' with the constructor to improve performance. Try adding the 'const' keyword to the constructor invocation • test/s4_display_geometry_once_test.dart:390:25 • prefer_const_constructors
   info • Use 'const' with the constructor to improve performance. Try adding the 'const' keyword to the constructor invocation • test/sketch_redefine_test.dart:59:38 • prefer_const_constructors
   info • Use 'const' with the constructor to improve performance. Try adding the 'const' keyword to the constructor invocation • test/sketch_redefine_test.dart:206:20 • prefer_const_constructors
   info • Use 'const' with the constructor to improve performance. Try adding the 'const' keyword to the constructor invocation • test/spline_test.dart:24:7 • prefer_const_constructors
   info • Use 'const' for final variables initialized to a constant value. Try replacing 'final' with 'const' • test/spline_test.dart:38:5 • prefer_const_declarations
   info • Use 'const' for final variables initialized to a constant value. Try replacing 'final' with 'const' • test/spline_test.dart:58:5 • prefer_const_declarations
   info • Use 'const' for final variables initialized to a constant value. Try replacing 'final' with 'const' • test/spline_test.dart:69:5 • prefer_const_declarations
   info • Use 'const' with the constructor to improve performance. Try adding the 'const' keyword to the constructor invocation • test/spline_test.dart:130:17 • prefer_const_constructors
   info • Use 'const' with the constructor to improve performance. Try adding the 'const' keyword to the constructor invocation • test/spline_test.dart:139:17 • prefer_const_constructors
   info • Use 'const' with the constructor to improve performance. Try adding the 'const' keyword to the constructor invocation • test/spline_test.dart:141:29 • prefer_const_constructors
   info • Use 'const' with the constructor to improve performance. Try adding the 'const' keyword to the constructor invocation • test/spline_test.dart:146:17 • prefer_const_constructors
   info • Use 'const' with the constructor to improve performance. Try adding the 'const' keyword to the constructor invocation • test/spline_test.dart:149:29 • prefer_const_constructors
   info • The import of 'dart:ui' is unnecessary because all of the used elements are also provided by the import of 'package:flutter_test/flutter_test.dart'. Try removing the import directive • test/trim_crossing_lines_test.dart:7:8 • unnecessary_import
   info • The import of 'dart:ui' is unnecessary because all of the used elements are also provided by the import of 'package:flutter_test/flutter_test.dart'. Try removing the import directive • test/trim_stacked_points_test.dart:12:8 • unnecessary_import
   info • The import of 'dart:ui' is unnecessary because all of the used elements are also provided by the import of 'package:flutter_test/flutter_test.dart'. Try removing the import directive • test/undo_redo_test.dart:12:8 • unnecessary_import
   info • Use 'const' with the constructor to improve performance. Try adding the 'const' keyword to the constructor invocation • test/zz_repro_test.dart:19:9 • prefer_const_constructors
   info • Don't invoke 'print' in production code. Try using a logging framework • test/zz_repro_test.dart:22:7 • avoid_print

949 issues found. (ran in 22.3s)
